{"accounts":[{"number":"40817810510210322660","description":"Текущий счёт","type":"EE","amount":{"value":10000000,"currency":"RUR","minorUnits":100},"cards":[{"id":"118732231","title":"Перекресток MC World PayPass","maskedNumber":"··5728","isVirtual":false,"isBlocked":false,"isActivated":true,"type":"PI","skinUrl":"https://online.alfabank.ru/cards-images/cards/PI/images?layers=BACKGROUND,LOGO,PAYMENT_SYSTEM&width=%d"}],"isAmountHidden":false,"isFavorite":true,"notes":[]},{"number":"40817810710210322680","description":"Счёт кредитной карты","type":"EG","amount":{"value":10000000,"currency":"RUR","minorUnits":100},"creditInfo":{"payment":{"next":{"value":0,"currency":"RUR","minorUnits":100},"debt":{"value":0,"currency":"RUR","minorUnits":100},"overdue":{"value":0,"currency":"RUR","minorUnits":100}}},"cards":[{"id":"118732240","title":"Visa Rewards PayWave","maskedNumber":"··6429","isVirtual":false,"isBlocked":false,"isActivated":true,"type":"EP","skinUrl":"https://online.alfabank.ru/cards-images/cards/EP/images?layers=BACKGROUND,LOGO,PAYMENT_SYSTEM&width=%d"}],"isAmountHidden":false,"isFavorite":true,"notes":[{"text":"Задолженность 0 ₽","type":"INFO"}]},{"number":"40817810210210322672","description":"Счёт кредитной карты","type":"EG","amount":{"value":10000000,"currency":"RUR","minorUnits":100},"creditInfo":{"payment":{"next":{"value":0,"currency":"RUR","minorUnits":100},"debt":{"value":0,"currency":"RUR","minorUnits":100},"overdue":{"value":0,"currency":"RUR","minorUnits":100}}},"cards":[{"id":"118732239","title":"MC World Name VmestoDeneg PP CR","maskedNumber":"··0218","isVirtual":false,"isBlocked":false,"isActivated":true,"type":"MZ","skinUrl":"https://online.alfabank.ru/cards-images/cards/MZ/images?layers=BACKGROUND,LOGO,PAYMENT_SYSTEM&width=%d"}],"isAmountHidden":false,"isFavorite":true,"notes":[{"text":"Задолженность 0 ₽","type":"INFO"}]},{"number":"40817810910210322671","description":"Счёт кредитной карты","type":"EG","amount":{"value":10000000,"currency":"RUR","minorUnits":100},"creditInfo":{"payment":{"next":{"value":0,"currency":"RUR","minorUnits":100},"debt":{"value":0,"currency":"RUR","minorUnits":100},"overdue":{"value":0,"currency":"RUR","minorUnits":100}}},"cards":[{"id":"118732230","title":"Visa Gold PayWave","maskedNumber":"··5518","isVirtual":false,"isBlocked":false,"isActivated":true,"type":"CZ","skinUrl":"https://online.alfabank.ru/cards-images/cards/CZ/images?layers=BACKGROUND,LOGO,PAYMENT_SYSTEM&width=%d"}],"isAmountHidden":false,"isFavorite":false,"notes":[{"text":"Задолженность 0 ₽","type":"INFO"}]},{"number":"40817810610210322670","description":"Текущий счёт","type":"EE","amount":{"value":0,"currency":"RUR","minorUnits":100},"cards":[],"isAmountHidden":false,"isFavorite":false,"notes":[]},{"number":"40817810210210322669","description":"Счёт погашения кредита","type":"CF","amount":{"value":10000000,"currency":"RUR","minorUnits":100},"creditInfo":{"nextPaymentDate":"2021-12-13","payment":{"next":{"value":890000,"currency":"RUR","minorUnits":100},"debt":{"value":10180822,"currency":"RUR","minorUnits":100},"overdue":{"value":0,"currency":"RUR","minorUnits":100}}},"cards":[],"isAmountHidden":false,"isFavorite":false,"notes":[{"text":"Задолженность 101 808,22 ₽","type":"INFO"}]},{"number":"40817978210210077102","description":"Текущий счёт","type":"EE","amount":{"value":0,"currency":"EUR","minorUnits":100},"cards":[],"isAmountHidden":false,"isFavorite":false,"notes":[]},{"number":"40817840510210076245","description":"Текущий счёт","type":"EE","amount":{"value":0,"currency":"USD","minorUnits":100},"cards":[],"isAmountHidden":false,"isFavorite":false,"notes":[]}],"offers":[]}