[{"detailsEndpoint":"","widgetTitle":"46","bonusTitle":"46","widgetSubTitle":"предложений","bonusSubTitle":"предложений","widgetDescription":"С кэшбэком от партнёров","bonusDescription":"С кэшбэком от партнёров","status":"ACTIVE","backgroundURL":"https://click.alfabank.ru/cs/groups/public/documents/document/offers_168x156px_x3.png","bonusBackgroundURL":"https://click.alfabank.ru/cs/groups/public/documents/document/offers_168x156px_x3.png","widgetStyle":"DARK","bonusStyle":"DARK","type":"PARTNERS"}]