{"email":null,"firstName":"Куприян","translitFirstName":"Kupriian","lastName":"Носов","translitLastName":"Nosov","patronymicName":"Степанович","translitPatronymicName":"Stepanovich","translitFullName":"Nosov Kupriian Stepanovich","embossedName":"Kupriian Nosov","phone":"79051807556","cardOwnerName":"KUPRIIAN NOSOV","birthDate":"1987-09-27T00:00:00Z","birthPlace":"МОСКВА","citizenship":"RU","servicePackage":"O61","type":"AA","userId":"ATWXVS","userIdLocation":"   ","userCreationDate":"2021-10-14T00:00:00+03:00","gender":"MALE","inn":"","snils":null,"userIdHash":"80724c51832b7ec284a60d9ff7ed8b0e1f4ccbc2c7c8a4fc34f5974f78cac7ee"}