{
  "categories" : [ {
    "id" : "cash-credit",
    "buttons" : [ {
      "identifier" : "order",
      "title" : "Оформить",
      "authenticationRequired" : true,
      "foreground" : true
    }, {
      "identifier" : "postpone",
      "title" : "Не сейчас",
      "authenticationRequired" : false,
      "foreground" : false
    }, {
      "identifier" : "all",
      "title" : "Все предложения",
      "authenticationRequired" : true,
      "foreground" : true
    } ]
  }, {
    "id" : "card-credit",
    "buttons" : [ {
      "identifier" : "more",
      "title" : "Подробнее",
      "authenticationRequired" : true,
      "foreground" : true
    }, {
      "identifier" : "postpone",
      "title" : "Не сейчас",
      "authenticationRequired" : false,
      "foreground" : false
    }, {
      "identifier" : "all",
      "title" : "Все предложения",
      "authenticationRequired" : true,
      "foreground" : true
    } ]
  }, {
    "id" : "debit-fund",
    "buttons" : [ {
      "identifier" : "more",
      "title" : "Подробнее",
      "authenticationRequired" : true,
      "foreground" : true
    }, {
      "identifier" : "open",
      "title" : "Открыть",
      "authenticationRequired" : true,
      "foreground" : true
    }, {
      "identifier" : "fill",
      "title" : "Пополнить",
      "authenticationRequired" : true,
      "foreground" : true
    }, {
      "identifier" : "go",
      "title" : "Перейти",
      "authenticationRequired" : true,
      "foreground" : true
    }, {
      "identifier" : "check",
      "title" : "Посмотреть",
      "authenticationRequired" : true,
      "foreground" : true
    } ]
  }, {
    "id" : "debit-deposit",
    "buttons" : [ {
      "identifier" : "more",
      "title" : "Подробнее",
      "authenticationRequired" : true,
      "foreground" : true
    }, {
      "identifier" : "open",
      "title" : "Открыть",
      "authenticationRequired" : true,
      "foreground" : true
    }, {
      "identifier" : "fill",
      "title" : "Пополнить",
      "authenticationRequired" : true,
      "foreground" : true
    }, {
      "identifier" : "go",
      "title" : "Перейти",
      "authenticationRequired" : true,
      "foreground" : true
    }, {
      "identifier" : "check",
      "title" : "Посмотреть",
      "authenticationRequired" : true,
      "foreground" : true
    } ]
  }, {
    "id" : "debit-invest",
    "buttons" : [ {
      "identifier" : "more",
      "title" : "Подробнее",
      "authenticationRequired" : true,
      "foreground" : true
    }, {
      "identifier" : "buy",
      "title" : "Купить",
      "authenticationRequired" : true,
      "foreground" : true
    }, {
      "identifier" : "buy-online",
      "title" : "Купить онлайн",
      "authenticationRequired" : true,
      "foreground" : true
    }, {
      "identifier" : "buy-in-app",
      "title" : "Купить в приложении",
      "authenticationRequired" : true,
      "foreground" : true
    }, {
      "identifier" : "invest",
      "title" : "Инвестировать",
      "authenticationRequired" : true,
      "foreground" : true
    } ]
  }, {
    "id" : "payment-currency-convertion",
    "buttons" : [ {
      "identifier" : "convert",
      "title" : "Обменять",
      "authenticationRequired" : true,
      "foreground" : true
    }, {
      "identifier" : "more",
      "title" : "Узнать подробнее",
      "authenticationRequired" : true,
      "foreground" : true
    } ]
  }, {
    "id" : "payment-insurance-sale",
    "buttons" : [ {
      "identifier" : "buy",
      "title" : "Купить",
      "authenticationRequired" : true,
      "foreground" : true
    }, {
      "identifier" : "postpone",
      "title" : "Позже",
      "authenticationRequired" : false,
      "foreground" : false
    }, {
      "identifier" : "more",
      "title" : "Узнать больше",
      "authenticationRequired" : true,
      "foreground" : true
    } ]
  }, {
    "id" : "payment-games",
    "buttons" : [ {
      "identifier" : "buy",
      "title" : "Купить",
      "authenticationRequired" : true,
      "foreground" : true
    }, {
      "identifier" : "postpone",
      "title" : "Позже",
      "authenticationRequired" : false,
      "foreground" : false
    }, {
      "identifier" : "more",
      "title" : "Узнать больше",
      "authenticationRequired" : true,
      "foreground" : true
    } ]
  }, {
    "id" : "payment-paperless-bank",
    "buttons" : [ {
      "identifier" : "connect",
      "title" : "Подключить",
      "authenticationRequired" : true,
      "foreground" : true
    }, {
      "identifier" : "postpone",
      "title" : "Позже",
      "authenticationRequired" : false,
      "foreground" : false
    }, {
      "identifier" : "more",
      "title" : "Узнать больше",
      "authenticationRequired" : true,
      "foreground" : true
    } ]
  }, {
    "id" : "payment-virtual-card",
    "buttons" : [ {
      "identifier" : "apply",
      "title" : "Оформить",
      "authenticationRequired" : true,
      "foreground" : true
    }, {
      "identifier" : "more",
      "title" : "Узнать больше",
      "authenticationRequired" : true,
      "foreground" : true
    } ]
  }, {
    "id" : "payment-transfer",
    "buttons" : [ {
      "identifier" : "transfer",
      "title" : "Перевести по номеру",
      "authenticationRequired" : true,
      "foreground" : true
    } ]
  }, {
    "id" : "payment-invest",
    "buttons" : [ {
      "identifier" : "more",
      "title" : "Подробнее",
      "authenticationRequired" : true,
      "foreground" : true
    }, {
      "identifier" : "go",
      "title" : "Перейти",
      "authenticationRequired" : true,
      "foreground" : true
    }, {
      "identifier" : "invest",
      "title" : "Инвестировать",
      "authenticationRequired" : false,
      "foreground" : false
    }, {
      "identifier" : "start",
      "title" : "Начать",
      "authenticationRequired" : true,
      "foreground" : true
    } ]
  }, {
    "id" : "onboarding-activation",
    "buttons" : [ {
      "identifier" : "set-pin",
      "title" : "Задать пин-код",
      "authenticationRequired" : true,
      "foreground" : true
    }, {
      "identifier" : "add-in-x-pay",
      "title" : "Добавить в кошелек",
      "authenticationRequired" : true,
      "foreground" : true
    } ]
  }, {
    "id" : "onboarding-replanishment",
    "buttons" : [ {
      "identifier" : "replanish",
      "title" : "Пополнить",
      "authenticationRequired" : true,
      "foreground" : true
    } ]
  }, {
    "id" : "onboarding-bonuses",
    "buttons" : [ {
      "identifier" : "spend",
      "title" : "Потратить",
      "authenticationRequired" : true,
      "foreground" : true
    } ]
  }, {
    "id" : "onboarding-invest",
    "buttons" : [ {
      "identifier" : "more",
      "title" : "Подробнее",
      "authenticationRequired" : true,
      "foreground" : true
    }, {
      "identifier" : "go",
      "title" : "Перейти",
      "authenticationRequired" : true,
      "foreground" : true
    }, {
      "identifier" : "invest",
      "title" : "Инвестировать",
      "authenticationRequired" : false,
      "foreground" : false
    }, {
      "identifier" : "start",
      "title" : "Начать",
      "authenticationRequired" : true,
      "foreground" : true
    } ]
  }, {
    "id" : "onboarding-deposits",
    "buttons" : [ {
      "identifier" : "more",
      "title" : "Подробнее",
      "authenticationRequired" : true,
      "foreground" : true
    }, {
      "identifier" : "open",
      "title" : "Открыть",
      "authenticationRequired" : true,
      "foreground" : true
    }, {
      "identifier" : "fill",
      "title" : "Пополнить",
      "authenticationRequired" : true,
      "foreground" : true
    }, {
      "identifier" : "go",
      "title" : "Перейти",
      "authenticationRequired" : true,
      "foreground" : true
    }, {
      "identifier" : "check",
      "title" : "Посмотреть",
      "authenticationRequired" : true,
      "foreground" : true
    } ]
  }, {
    "id" : "fast-transfer-service",
    "buttons" : [ {
      "identifier" : "chose-account",
      "title" : "Выбрать счёт",
      "authenticationRequired" : true,
      "foreground" : true
    } ]
  } ]
}