{"recommendation":"https://testjmb.alfabank.ru/upsale-cards-mobile/web/products-categories?isWebView=true&fromCurrent=true&source=ALLPRODUCTS&webViewBackNavigation=false","partners_android":"https://alfabank.ru/partners_vd?platformId=alfamobile_android","cards_activation_by_id":"https://testjmb.alfabank.ru/mobile-cards-activation/cards/{cardId}?is_webview=true","digital_delivery_order":"https://yandex.ru","marketplaceMenu":"https://testjmb.alfabank.ru/marketplace-mobile/web/offers","selfEmployedInstructionAndroidIncome":"https://click.alfabank.ru/cs/groups/public/documents/document/android_02_bill_smz_instr.pdf","selfEmployedInstructionAndroidIncomeList":"https://click.alfabank.ru/cs/groups/public/documents/document/android_03_list_smz_instr.pdf","creditRestruct":"http://testjmb.alfabank.ru/credit-holidays-mobile/web/restructure","pfm_add_expense":"https://testjmb.alfabank.ru/pfm-mobile-vpn/pfm-mobile/expense/add/","money-box1":"https://onlineft7.alfaintra.net/money-box/","familyBranchMap":"https://alfabank.ru/office/moscow/map/","credit":"https://testjmb.alfabank.ru/mobile-offers/web/credits/M7","startInvestmentQuestionnairePage":"https://testjmb.alfabank.ru/dwm-mobile-webview/risk-profile/","deposit_create":"https://testjmb.alfabank.ru/deposits-opening-mobile/web/?is_webview=true","selfEmployedRegistrationInformation":"https://alfabank.ru/selfemployed/mobile/","pension_transfer_gos":"https://www.gosuslugi.ru/115839/6","dailyPayInfo":"http://testjmb.alfabank.ru/ufr-sdp/ufr-sdp/about","creditHolidays":"http://testjmb.alfabank.ru/credit-holidays-mobile/web/holidays","marketplace":"https://testjmb.alfabank.ru/marketplace-mobile/web/offers","alfacheck_webview":"https://testjmb.alfabank.ru/alfa-check-settings-mobile/web/?is_webview=true","cards_activation":"https://testjmb.alfabank.ru/mobile-cards-activation/?is_webview=true","debit_cards_order":"https://testjmb.alfabank.ru/mobile-debit-cards-order/","taxes-mobile":"https://testjmb.alfabank.ru/taxes-mobile/","money_box":"https://testjmb.alfabank.ru/mobile-money-box/","cashback_info":"https://testjmb.alfabank.ru/loyalty-mobile/web/cards/","selfEmployedRegistrationInformationSOPD":"https://click.alfabank.ru/cs/groups/public/documents/document/сопд_самозанятые.pdf","cash_order":"https://testjmb.alfabank.ru/cash/mobile","dailyPayHistoryOfPayments":"http://testjmb.alfabank.ru/ufr-sdp/ufr-sdp/history","pfm":"https://testjmb.alfabank.ru/pfm_api/","selfEmployedInstructionAndroidReg":"https://click.alfabank.ru/cs/groups/public/documents/document/android_01_reg_smz_instr.pdf","family_debit_cards_order":"https://anketa.alfabank.ru/land/cashback-dc-standart/step1?platformId=family_mobile","statement_order":"https://testjmb.alfabank.ru/certificates/retail-mobile-web/","deposit_close":"https://testjmb.alfabank.ru/deposits-details-mobile/web/{0}/close/?is_webview=true","partners_ios":"https://alfabank.ru/partners_vd?platformId=alfamobile_ios","alfaDirectAppTransition":"https://ip18.alfadirect.ru/podderzhka/mobile-app","pml_tariff_docs":"https://alfabank.ru/retail/tariffs/?tab=t-2","deposit_create1":"https://online.alfabank.ru/deposits-opening-mobile/web/?is_webview=true","pfm_expenses_and_incomes":"https://testjmb.alfabank.ru/pfm-mobile-vpn/pfm-mobile/","cards_tariff":"https://testjmb.alfabank.ru/mobile-cards-detail-info/{cardId}","baseWebFeatureUrl":"https://testjmb.alfabank.ru/","pension_transfer":"https://alfabank.ru/static/ab-landings/pensioners_mobile/","marketplacePlus":"https://testjmb.alfabank.ru/marketplace-mobile/web/offers","forex":"https://testjmb.alfabank.ru/ufr-af-frontend/screen/1","credit_offers":"https://testjmb.alfabank.ru/mobile-offers/web/credits/M2{offerId}?isWebView=true","alfaSavingAccount":"https://alfabank.ru/make-money/savings-account/alfa/","aeroflot":"https://www.aeroflot.ru/ru-ru/afl_bonus","deposit_refill":"https://testjmb.alfabank.ru/deposits-refilling-mobile/web/deposits/{0}/refill?is_webview=true","card_pin_change_by_id":"https://testjmb.alfabank.ru/mobile-cards-pin-change/{cardId}?is_webview=true","endInvestmentQuestionnairePage":"https://testjmb.alfabank.ru/dwm-mobile-webview/risk-profile/?closeWebView=true"}