{"group":"MarketplaceHypotesisA","widgets":[{"type":"carousel","implementation":{"version":1,"release":"offers:2","data":{"title":"","endpoint":"widget/v1/carousel/domains/offers/","name":"offers"}}},{"type":"section","implementation":{"version":2,"release":"marketplaceProducts:3","data":{"title":"Все продукты","name":"marketplaceProducts"},"widgets":[{"type":"cardWithImage","implementation":{"version":2,"release":"highCashback:1","data":{"title":"Получить повышенный кэшбэк","imageUrl":"https://sense.alfabank.ru/mobile/s3/static/partnercategories-new/cashback_600x450.png","backgroundColor":"#F3F4F5","deeplink":"/partners_bonus?fromCurrent=true","name":"highCashback"}}},{"type":"marketplaceCollection","implementation":{"version":2,"release":"collectionOfProducts:4","data":{"marketplaceProducts":[{"title":"Стать инвестором","deeplink":"alfabank:///investments?fromCurrent=true","imageUrl":"https://click.alfabank.ru/cs/groups/public/documents/document/op19835254.png","imagePosition":"center","backgroundColor":"#F3F4F5"},{"title":"Получить карту","deeplink":"alfabank:///webFeature?type=recommendation&url=https://testjmb.alfabank.ru/mobile-debit-cards-order/&fromCurrent=true","imageUrl":"https://click.alfabank.ru/cs/groups/public/documents/document/op19835242.png","imagePosition":"center","backgroundColor":"#F3F4F5"},{"title":"Открыть счёт","deeplink":"alfabank:///new_account?fromCurrent=true","imageUrl":"https://click.alfabank.ru/cs/groups/public/documents/document/op19835256.png","imagePosition":"center","backgroundColor":"#F3F4F5"},{"title":"Открыть вклад","subtitle":"Ваши средства застрахованы и принесут вам доход","deeplink":"alfabank:///deposits_opening?fromCurrent=true","imageUrl":"https://click.alfabank.ru/cs/groups/public/documents/document/op19835247.png","imagePosition":"center","backgroundColor":"#F3F4F5"},{"title":"Оформить страховку","deeplink":"alfabank:///webFeature?type=recommendation&url=https://testjmb.alfabank.ru/marketplace-mobile/web/insurances&fromCurrent=true","imageUrl":"https://click.alfabank.ru/cs/groups/public/documents/document/op19835251.png","imagePosition":"center","backgroundColor":"#F3F4F5"}],"name":"collectionOfProducts"}}},{"type":"cardWithImage","implementation":{"version":2,"release":"mortgageMarketplace:4","data":{"title":"Оформить ипотеку","imageUrl":"https://click.alfabank.ru/cs/groups/public/documents/document/op19835255.png","deeplink":"alfabank:///webFeature?type=recommendation&url=https%3A%2F%2Fipoteka-int.tos.alfaintra.net%2Fam?utm_source%3Dcrm%26utm_campaign%3Dalfaapp_mortgage%26utm_content%3Dapp_widget%26platformId%3Dcrm_alfaapp_mortgage_app_widget&fromCurrent=true","name":"mortgageMarketplace"}}},{"type":"cardWithImage","implementation":{"version":2,"release":"premiumServiceAd:1","data":{"title":"Подключить Альфа-Премиум","imageUrl":"https://sense.alfabank.ru/mobile/s3/static/am-premium/Vitrina_Premium.png","deeplink":"/premium_service_ad","backgroundColor":"#F3F4F5","name":"premiumServiceAd"}}}]}},{"type":"section","implementation":{"version":2,"release":"services:5","data":{"title":"Услуги и сервисы","name":"services"},"widgets":[{"type":"buttonWithRoundIcon","implementation":{"version":2,"release":"certificatesAndStatements:3","data":{"deeplink":"alfabank:///webFeature?type=recommendation&url=https://testjmb.alfabank.ru/certificates/retail-mobile-web/&fromCurrent=true","title":"Справки и выписки","subtitle":"По счетам, картам, кредитам","imageUrl":"https://click.alfabank.ru/cs/groups/public/documents/document/op18527063.png","name":"certificatesAndStatements"}}},{"type":"buttonWithRoundIcon","implementation":{"version":2,"release":"selfemployeed:3","data":{"deeplink":"alfabank:///self_employed_registration?fromCurrent=true","title":"Регистрация самозанятого","subtitle":"Простая отчётность в налоговую","imageUrl":"https://click.alfabank.ru/cs/groups/public/documents/document/op18526836.png","name":"selfemployeed"}}},{"type":"buttonWithRoundIcon","implementation":{"version":2,"release":"pensionaryService:3","data":{"deeplink":"alfabank:///pension_transfer?fromCurrent=true","imageUrl":"https://click.alfabank.ru/cs/groups/public/documents/document/op18526995.png","title":"Перевод пенсии","subtitle":"Получать пенсию в Альфа-Банке","name":"pensionaryService"}}},{"type":"buttonWithRoundIcon","implementation":{"version":2,"release":"lawyerMarketplace:2","data":{"imageUrl":"https://click.alfabank.ru/cs/groups/public/documents/document/m2.m.marketplace.libra.png","title":"Юрист 24/7","subtitle":"Оформить сертификат на юридическую поддержку","deeplink":"alfabank:///webFeature?type=recommendation&url=https%3A%2F%2Ftestjmb.alfabank.ru%2Fufr-ufncins-mobile%2Fweb%2Foffer%3Fproduct%3DLSEUS_UKD&fromCurrent=true","name":"lawyerMarketplace"}}},{"type":"buttonWithRoundIcon","implementation":{"version":2,"release":"uzesia:3","data":{"title":"Учетная запись на Госуслугах","subtitle":"Зарегистрировать или подтвердить","deeplink":"alfabank:///webFeature?type=recommendation&url=https://testjmb.alfabank.ru/uzesia/?section=marketplace","imageUrl":"https://click.alfabank.ru/cs/groups/public/documents/document/image.png","name":"uzesia"}}}]}}]}