{"widgets":[{"type":"accountsAndCards","implementation":{"version":2,"release":"accountsAndCards:2","data":{"name":"accountsAndCards"}}},{"type":"advices","implementation":{"version":2,"release":"advices:2","data":{"name":"advices"}}},{"type":"badgedButton","implementation":{"version":4,"release":"unapprovedOperations:3","data":{"deeplink":"/incomplete_operations?fromCurrent=true","title":"Неподтверждённые операции","name":"unapprovedOperations"}}},{"type":"button","implementation":{"version":4,"release":"investments:2","data":{"deeplink":"/investments?fromCurrent=true","title":"Инвестиции","name":"investments"}}},{"type":"container","implementation":{"version":2,"release":"popularTransfersContainer:2","data":{"deeplink":"/phone_bank_transfers?fromCurrent=true","title":"Переводы по номеру телефона","name":"popularTransfersContainer"},"widgets":[{"type":"popularTransfers","implementation":{"version":2,"release":"popularTransfers:2","data":{"name":"popularTransfers"}}}]}},{"type":"container","implementation":{"version":2,"release":"bonuses:4","data":{"title":"Кэшбэк и привилегии","deeplink":"/bonuses?fromCurrent=true","name":"bonuses"},"widgets":[{"type":"bonuses","implementation":{"version":2,"release":"bonusesCarousel:2","data":{"deeplink":"/bonuses?fromCurrent=true","name":"bonusesCarousel"}}},{"type":"squareCollection","implementation":{"version":1,"release":"squareCollectionBonusesCashback:1","data":{"title":"Карусель нефинансовых сервисов","endpoint":"v1/bonus/ALL","name":"squareCollectionBonusesCashback"}}}]}},{"type":"container","implementation":{"version":2,"release":"userProfileReferral:1","data":{"title":"Миллион за рекомендации","deeplink":"/referral_showcase","name":"UserProfileReferral"},"widgets":[{"type":"referralBonus","implementation":{"version":1,"release":"referralBonus:1","data":{"title":"Реферальная программа. Виджет точки входа.","iconName":"","name":"referralBonus"}}}]}},{"type":"container","implementation":{"version":2,"release":"currencyExchange:2","data":{"title":"Обмен валюты","deeplink":"/currency_rates?fromCurrent=true","name":"currencyExchange"},"widgets":[{"type":"currencyRates","implementation":{"version":2,"release":"currencyRates:2","data":{"currencyFilter":["USD","EUR"],"deeplink":"/currency_rates?fromCurrent=true","name":"currencyRates"}}}]}},{"type":"container","implementation":{"version":2,"release":"atms:1","data":{"deeplink":"/atmsAndBranches?fromCurrent=true","title":"На карте","name":"atms"},"widgets":[{"type":"atms","implementation":{"version":1,"release":"atmsCarousel:1","data":{"deeplink":"/atmsAndBranches?fromCurrent=true","name":"atmsCarousel"}}}]}},{"type":"button","implementation":{"version":4,"release":"fastRechargeViaCC:1","data":{"title":"Быстрое пополнение","deeplink":"/card_to_card?senderCardsSort=EXT_FIRST&recipientCardsSort=OWN_FIRST&fromCurrent=true","name":"fastRechargeViaCC"}}},{"type":"badgedButton","implementation":{"version":6,"release":"invoice:4","data":{"deeplink":"/autosubscription?fromCurrent=true","endpoint":"v1/invoice/subscriptions/bills/count","name":"invoice","title":"Предстоящие платежи"}}},{"type":"button","implementation":{"version":4,"release":"qrPayment:3","data":{"title":"Оплата по QR","deeplink":"/qr_payment?fromCurrent=true","name":"qrPayment"}}},{"type":"button","implementation":{"version":4,"release":"templates:3","data":{"deeplink":"/my_payments?fromCurrent=true","title":"Шаблоны и автоплатежи","name":"templates"}}},{"type":"button","implementation":{"version":4,"release":"incomeAndExpense:2","data":{"deeplink":"/pfm?fromCurrent=true","title":"Расходы и доходы","name":"incomeAndExpense"}}},{"type":"button","implementation":{"version":4,"release":"assetsOverview:2","data":{"title":"Обзор активов","name":"assetsOverview","deeplink":"/assets_overview?fromCurrent=true"}}},{"type":"button","implementation":{"version":4,"release":"addExpense:2","data":{"deeplink":"/add_expense?fromCurrent=true","title":"Записать наличные расходы","name":"addExpense"}}},{"type":"button","implementation":{"version":4,"release":"knowledgeBase:1","data":{"deeplink":"/knowledge_base","title":"Помощь","name":"knowledgeBase"}}}]}