[{"type":"cardWithCardImage","data":{"id":null,"status":"interesting","title":"Кредитные\r\nкарты","subtitle":"0% на 100 дней","description":["0 ₽ за обслуживание в первый год","0 ₽ за снятие наличных"],"imageUrl":"https://online.alfabank.ru/cards-images/cards/HQ/images?layers=BACKGROUND,LOGO,PAYMENT_SYSTEM&width=400&t=0","deeplink":"alfabank:///webFeature?type=recommendation&url=https%3A%2F%2Ftestjmb.alfabank.ru%2Fland%2Fnavigator%2Fcerberus%2Fmobile-auth%3Futm_source%3Dalfamobile_auth%26utm_medium%3Dmobile%26utm_campaign%3Dclient_zone_am%26platformId%3Dalfamobile_null_null_null_null&fromCurrent=true"}},{"type":"cardWithActionButton","data":{"id":null,"status":"interesting","title":"Деньги\r\nна любые цели","subtitle":"Оформить заявку онлайн","description":["от 6,5%","до 5 млн ₽","до 7 лет"],"imageUrl":null,"deeplink":"alfabank:///webFeature?type=recommendation&url=https%3A%2F%2Ftestjmb.alfabank.ru%2Fland%2Falfaform%2F%3Fproduct%3Dpil_mobile%26utm_source%3Dalfamobile_auth%26utm_medium%3Dmobile%26utm_campaign%3Dclient_zone_am%26platformId%3Dalfamobile_link_auth_null_null&fromCurrent=true"}}]