{
  "ABIRoot": {
    "kind": "Root",
    "name": "TopLevel",
    "printedName": "TopLevel",
    "children": [
      {
        "kind": "TypeDecl",
        "name": "HTTPStubsDummy",
        "printedName": "HTTPStubsDummy",
        "children": [
          {
            "kind": "Constructor",
            "name": "init",
            "printedName": "init()",
            "children": [
              {
                "kind": "TypeNominal",
                "name": "HTTPStubsDummy",
                "printedName": "HTTPStubs.HTTPStubsDummy",
                "usr": "s:9HTTPStubs0A5DummyC"
              }
            ],
            "declKind": "Constructor",
            "usr": "s:9HTTPStubs0A5DummyCACycfc",
            "mangledName": "$s9HTTPStubs0A5DummyCACycfc",
            "moduleName": "HTTPStubs",
            "implicit": true,
            "init_kind": "Designated"
          },
          {
            "kind": "Var",
            "name": "bundleName",
            "printedName": "bundleName",
            "children": [
              {
                "kind": "TypeNominal",
                "name": "String",
                "printedName": "Swift.String",
                "usr": "s:SS"
              }
            ],
            "declKind": "Var",
            "usr": "s:9HTTPStubs0A5DummyC10bundleNameSSvpZ",
            "mangledName": "$s9HTTPStubs0A5DummyC10bundleNameSSvpZ",
            "moduleName": "HTTPStubs",
            "static": true,
            "declAttributes": [
              "HasInitialValue",
              "Final",
              "HasStorage"
            ],
            "isFromExtension": true,
            "isLet": true,
            "hasStorage": true,
            "accessors": [
              {
                "kind": "Accessor",
                "name": "Get",
                "printedName": "Get()",
                "children": [
                  {
                    "kind": "TypeNominal",
                    "name": "String",
                    "printedName": "Swift.String",
                    "usr": "s:SS"
                  }
                ],
                "declKind": "Accessor",
                "usr": "s:9HTTPStubs0A5DummyC10bundleNameSSvgZ",
                "mangledName": "$s9HTTPStubs0A5DummyC10bundleNameSSvgZ",
                "moduleName": "HTTPStubs",
                "static": true,
                "implicit": true,
                "declAttributes": [
                  "Final"
                ],
                "isFromExtension": true,
                "accessorKind": "get"
              }
            ]
          }
        ],
        "declKind": "Class",
        "usr": "s:9HTTPStubs0A5DummyC",
        "mangledName": "$s9HTTPStubs0A5DummyC",
        "moduleName": "HTTPStubs",
        "declAttributes": [
          "Final",
          "AccessControl"
        ],
        "hasMissingDesignatedInitializers": true
      }
    ],
    "json_format_version": 8
  },
  "ConstValues": [
    {
      "filePath": "\/Users\/jenkins\/workspace\/SF_Prebuild\/Frameworks\/HTTPStubs\/Common\/HTTPStubsDummy.swift",
      "kind": "StringLiteral",
      "offset": 101,
      "length": 20,
      "value": "\"HTTPStubsResources\""
    }
  ]
}