<?xml version="1.0" encoding="UTF-8" standalone="yes"?>
<ISO_CCY_CODES_HISTORIC>
	<ISO_CURRENCY_HISTORIC>
		<ENTITY>AFGHANISTAN</ENTITY>
		<CURRENCY>Afghani</CURRENCY>
		<ALPHABETIC_CODE>AFA</ALPHABETIC_CODE>
		<NUMERIC_CODE>004</NUMERIC_CODE>
		<WITHDRAWAL_DATE>2003-01</WITHDRAWAL_DATE>
		<REMARK/>
	</ISO_CURRENCY_HISTORIC>
	<ISO_CURRENCY_HISTORIC>
		<ENTITY>ÅLAND ISLANDS</ENTITY>
		<CURRENCY>Markka</CURRENCY>
		<ALPHABETIC_CODE>FIM</ALPHABETIC_CODE>
		<NUMERIC_CODE>246</NUMERIC_CODE>
		<WITHDRAWAL_DATE>2002-03</WITHDRAWAL_DATE>
		<REMARK/>
	</ISO_CURRENCY_HISTORIC>
	<ISO_CURRENCY_HISTORIC>
		<ENTITY>ALBANIA</ENTITY>
		<CURRENCY>Old Lek</CURRENCY>
		<ALPHABETIC_CODE>ALK</ALPHABETIC_CODE>
		<NUMERIC_CODE>—</NUMERIC_CODE>
		<WITHDRAWAL_DATE>1989-12</WITHDRAWAL_DATE>
		<REMARK>non ISO code</REMARK>
	</ISO_CURRENCY_HISTORIC>
	<ISO_CURRENCY_HISTORIC>
		<ENTITY>ANDORRA</ENTITY>
		<CURRENCY>Andorran Peseta</CURRENCY>
		<ALPHABETIC_CODE>ADP</ALPHABETIC_CODE>
		<NUMERIC_CODE>020</NUMERIC_CODE>
		<WITHDRAWAL_DATE>2003-07</WITHDRAWAL_DATE>
		<REMARK/>
	</ISO_CURRENCY_HISTORIC>
	<ISO_CURRENCY_HISTORIC>
		<ENTITY>ANDORRA</ENTITY>
		<CURRENCY>Spanish Peseta</CURRENCY>
		<ALPHABETIC_CODE>ESP</ALPHABETIC_CODE>
		<NUMERIC_CODE>724</NUMERIC_CODE>
		<WITHDRAWAL_DATE>2002-03</WITHDRAWAL_DATE>
		<REMARK/>
	</ISO_CURRENCY_HISTORIC>
	<ISO_CURRENCY_HISTORIC>
		<ENTITY>ANDORRA</ENTITY>
		<CURRENCY>French Franc</CURRENCY>
		<ALPHABETIC_CODE>FRF</ALPHABETIC_CODE>
		<NUMERIC_CODE>250</NUMERIC_CODE>
		<WITHDRAWAL_DATE>2002-03</WITHDRAWAL_DATE>
		<REMARK/>
	</ISO_CURRENCY_HISTORIC>
	<ISO_CURRENCY_HISTORIC>
		<ENTITY>ANGOLA</ENTITY>
		<CURRENCY>Kwanza</CURRENCY>
		<ALPHABETIC_CODE>AOK</ALPHABETIC_CODE>
		<NUMERIC_CODE>—</NUMERIC_CODE>
		<WITHDRAWAL_DATE>1991-03</WITHDRAWAL_DATE>
		<REMARK/>
	</ISO_CURRENCY_HISTORIC>
	<ISO_CURRENCY_HISTORIC>
		<ENTITY>ANGOLA</ENTITY>
		<CURRENCY>New Kwanza</CURRENCY>
		<ALPHABETIC_CODE>AON</ALPHABETIC_CODE>
		<NUMERIC_CODE>024</NUMERIC_CODE>
		<WITHDRAWAL_DATE>2000-02</WITHDRAWAL_DATE>
		<REMARK/>
	</ISO_CURRENCY_HISTORIC>
	<ISO_CURRENCY_HISTORIC>
		<ENTITY>ANGOLA</ENTITY>
		<CURRENCY>Kwanza Reajustado</CURRENCY>
		<ALPHABETIC_CODE>AOR</ALPHABETIC_CODE>
		<NUMERIC_CODE>982</NUMERIC_CODE>
		<WITHDRAWAL_DATE>2000-02</WITHDRAWAL_DATE>
		<REMARK/>
	</ISO_CURRENCY_HISTORIC>
	<ISO_CURRENCY_HISTORIC>
		<ENTITY>ARGENTINA</ENTITY>
		<CURRENCY>Austral</CURRENCY>
		<ALPHABETIC_CODE>ARA</ALPHABETIC_CODE>
		<NUMERIC_CODE>032</NUMERIC_CODE>
		<WITHDRAWAL_DATE>1992-01</WITHDRAWAL_DATE>
		<REMARK/>
	</ISO_CURRENCY_HISTORIC>
	<ISO_CURRENCY_HISTORIC>
		<ENTITY>ARGENTINA</ENTITY>
		<CURRENCY>Peso Argentino</CURRENCY>
		<ALPHABETIC_CODE>ARP</ALPHABETIC_CODE>
		<NUMERIC_CODE>032</NUMERIC_CODE>
		<WITHDRAWAL_DATE>1985-07</WITHDRAWAL_DATE>
		<REMARK/>
	</ISO_CURRENCY_HISTORIC>
	<ISO_CURRENCY_HISTORIC>
		<ENTITY>ARGENTINA</ENTITY>
		<CURRENCY>Peso</CURRENCY>
		<ALPHABETIC_CODE>ARY</ALPHABETIC_CODE>
		<NUMERIC_CODE>—</NUMERIC_CODE>
		<WITHDRAWAL_DATE>1989 to 1990</WITHDRAWAL_DATE>
		<REMARK>non ISO code</REMARK>
	</ISO_CURRENCY_HISTORIC>
	<ISO_CURRENCY_HISTORIC>
		<ENTITY>ARMENIA</ENTITY>
		<CURRENCY>Russian Ruble</CURRENCY>
		<ALPHABETIC_CODE>RUR</ALPHABETIC_CODE>
        <CURRENCY_SYMBOL>₽</CURRENCY_SYMBOL>
		<NUMERIC_CODE>810</NUMERIC_CODE>
		<WITHDRAWAL_DATE>1994-08</WITHDRAWAL_DATE>
		<REMARK/>
	</ISO_CURRENCY_HISTORIC>
	<ISO_CURRENCY_HISTORIC>
		<ENTITY>AUSTRIA</ENTITY>
		<CURRENCY>Schilling</CURRENCY>
		<ALPHABETIC_CODE>ATS</ALPHABETIC_CODE>
		<NUMERIC_CODE>040</NUMERIC_CODE>
		<WITHDRAWAL_DATE>2002-03</WITHDRAWAL_DATE>
		<REMARK/>
	</ISO_CURRENCY_HISTORIC>
	<ISO_CURRENCY_HISTORIC>
		<ENTITY>AZERBAIJAN</ENTITY>
		<CURRENCY>Azerbaijan Manat</CURRENCY>
		<ALPHABETIC_CODE>AYM</ALPHABETIC_CODE>
		<NUMERIC_CODE>945</NUMERIC_CODE>
		<WITHDRAWAL_DATE>2005-10</WITHDRAWAL_DATE>
		<REMARK>non ISO code</REMARK>
	</ISO_CURRENCY_HISTORIC>
	<ISO_CURRENCY_HISTORIC>
		<ENTITY>AZERBAIJAN</ENTITY>
		<CURRENCY>Azerbaijanian Manat</CURRENCY>
		<ALPHABETIC_CODE>AZM</ALPHABETIC_CODE>
		<NUMERIC_CODE>031</NUMERIC_CODE>
		<WITHDRAWAL_DATE>2005-12</WITHDRAWAL_DATE>
		<REMARK/>
	</ISO_CURRENCY_HISTORIC>
	<ISO_CURRENCY_HISTORIC>
		<ENTITY>AZERBAIJAN</ENTITY>
		<CURRENCY>Russian Ruble</CURRENCY>
		<ALPHABETIC_CODE>RUR</ALPHABETIC_CODE>
        <CURRENCY_SYMBOL>₽</CURRENCY_SYMBOL>
		<NUMERIC_CODE>810</NUMERIC_CODE>
		<WITHDRAWAL_DATE>1994-08</WITHDRAWAL_DATE>
		<REMARK/>
	</ISO_CURRENCY_HISTORIC>
	<ISO_CURRENCY_HISTORIC>
		<ENTITY>BELARUS</ENTITY>
		<CURRENCY>Belarussian Ruble</CURRENCY>
		<ALPHABETIC_CODE>BYB</ALPHABETIC_CODE>
		<NUMERIC_CODE>112</NUMERIC_CODE>
		<WITHDRAWAL_DATE>2001-01</WITHDRAWAL_DATE>
		<REMARK/>
	</ISO_CURRENCY_HISTORIC>
	<ISO_CURRENCY_HISTORIC>
		<ENTITY>BELARUS</ENTITY>
		<CURRENCY>Russian Ruble</CURRENCY>
		<ALPHABETIC_CODE>RUR</ALPHABETIC_CODE>
        <CURRENCY_SYMBOL>₽</CURRENCY_SYMBOL>
		<NUMERIC_CODE>810</NUMERIC_CODE>
		<WITHDRAWAL_DATE>1994-06</WITHDRAWAL_DATE>
		<REMARK/>
	</ISO_CURRENCY_HISTORIC>
	<ISO_CURRENCY_HISTORIC>
		<ENTITY>BELGIUM</ENTITY>
		<CURRENCY>Convertible Franc</CURRENCY>
		<ALPHABETIC_CODE>BEC</ALPHABETIC_CODE>
		<NUMERIC_CODE>993</NUMERIC_CODE>
		<WITHDRAWAL_DATE>1990-03</WITHDRAWAL_DATE>
		<REMARK/>
	</ISO_CURRENCY_HISTORIC>
	<ISO_CURRENCY_HISTORIC>
		<ENTITY>BELGIUM</ENTITY>
		<CURRENCY>Belgian Franc </CURRENCY>
		<ALPHABETIC_CODE>BEF</ALPHABETIC_CODE>
		<NUMERIC_CODE>056</NUMERIC_CODE>
		<WITHDRAWAL_DATE>2002-03</WITHDRAWAL_DATE>
		<REMARK/>
	</ISO_CURRENCY_HISTORIC>
	<ISO_CURRENCY_HISTORIC>
		<ENTITY>BELGIUM</ENTITY>
		<CURRENCY>Financial Franc</CURRENCY>
		<ALPHABETIC_CODE>BEL</ALPHABETIC_CODE>
		<NUMERIC_CODE>992</NUMERIC_CODE>
		<WITHDRAWAL_DATE>1990-03</WITHDRAWAL_DATE>
		<REMARK/>
	</ISO_CURRENCY_HISTORIC>
	<ISO_CURRENCY_HISTORIC>
		<ENTITY>BOLIVIA</ENTITY>
		<CURRENCY>Peso boliviano</CURRENCY>
		<ALPHABETIC_CODE>BOP</ALPHABETIC_CODE>
		<NUMERIC_CODE>—</NUMERIC_CODE>
		<WITHDRAWAL_DATE>1987-02</WITHDRAWAL_DATE>
		<REMARK/>
	</ISO_CURRENCY_HISTORIC>
	<ISO_CURRENCY_HISTORIC>
		<ENTITY>BOSNIA AND HERZEGOVINA</ENTITY>
		<CURRENCY>Dinar</CURRENCY>
		<ALPHABETIC_CODE>BAD</ALPHABETIC_CODE>
		<NUMERIC_CODE>070</NUMERIC_CODE>
		<WITHDRAWAL_DATE>1997-07</WITHDRAWAL_DATE>
		<REMARK/>
	</ISO_CURRENCY_HISTORIC>
	<ISO_CURRENCY_HISTORIC>
		<ENTITY>BRAZIL</ENTITY>
		<CURRENCY>Cruzeiro</CURRENCY>
		<ALPHABETIC_CODE>BRB</ALPHABETIC_CODE>
		<NUMERIC_CODE>—</NUMERIC_CODE>
		<WITHDRAWAL_DATE>1986-03</WITHDRAWAL_DATE>
		<REMARK/>
	</ISO_CURRENCY_HISTORIC>
	<ISO_CURRENCY_HISTORIC>
		<ENTITY>BRAZIL</ENTITY>
		<CURRENCY>Cruzado</CURRENCY>
		<ALPHABETIC_CODE>BRC</ALPHABETIC_CODE>
		<NUMERIC_CODE>076</NUMERIC_CODE>
		<WITHDRAWAL_DATE>1989-02</WITHDRAWAL_DATE>
		<REMARK/>
	</ISO_CURRENCY_HISTORIC>
	<ISO_CURRENCY_HISTORIC>
		<ENTITY>BRAZIL</ENTITY>
		<CURRENCY>Cruzeiro</CURRENCY>
		<ALPHABETIC_CODE>BRE</ALPHABETIC_CODE>
		<NUMERIC_CODE>076</NUMERIC_CODE>
		<WITHDRAWAL_DATE>1993-03</WITHDRAWAL_DATE>
		<REMARK/>
	</ISO_CURRENCY_HISTORIC>
	<ISO_CURRENCY_HISTORIC>
		<ENTITY>BRAZIL</ENTITY>
		<CURRENCY>New Cruzado</CURRENCY>
		<ALPHABETIC_CODE>BRN</ALPHABETIC_CODE>
		<NUMERIC_CODE>076</NUMERIC_CODE>
		<WITHDRAWAL_DATE>1990-03</WITHDRAWAL_DATE>
		<REMARK/>
	</ISO_CURRENCY_HISTORIC>
	<ISO_CURRENCY_HISTORIC>
		<ENTITY>BRAZIL</ENTITY>
		<CURRENCY>Cruzeiro Real</CURRENCY>
		<ALPHABETIC_CODE>BRR</ALPHABETIC_CODE>
		<NUMERIC_CODE>987</NUMERIC_CODE>
		<WITHDRAWAL_DATE>1994-07</WITHDRAWAL_DATE>
		<REMARK/>
	</ISO_CURRENCY_HISTORIC>
	<ISO_CURRENCY_HISTORIC>
		<ENTITY>BULGARIA</ENTITY>
		<CURRENCY>Lev A/52</CURRENCY>
		<ALPHABETIC_CODE>BGJ</ALPHABETIC_CODE>
		<NUMERIC_CODE>—</NUMERIC_CODE>
		<WITHDRAWAL_DATE>1989 to 1990</WITHDRAWAL_DATE>
		<REMARK>non ISO code</REMARK>
	</ISO_CURRENCY_HISTORIC>
	<ISO_CURRENCY_HISTORIC>
		<ENTITY>BULGARIA</ENTITY>
		<CURRENCY>Lev A/62</CURRENCY>
		<ALPHABETIC_CODE>BGK</ALPHABETIC_CODE>
		<NUMERIC_CODE>—</NUMERIC_CODE>
		<WITHDRAWAL_DATE>1989 to 1990</WITHDRAWAL_DATE>
		<REMARK>non ISO code</REMARK>
	</ISO_CURRENCY_HISTORIC>
	<ISO_CURRENCY_HISTORIC>
		<ENTITY>BULGARIA</ENTITY>
		<CURRENCY>Lev</CURRENCY>
		<ALPHABETIC_CODE>BGL</ALPHABETIC_CODE>
		<NUMERIC_CODE>100</NUMERIC_CODE>
		<WITHDRAWAL_DATE>2003-11</WITHDRAWAL_DATE>
		<REMARK/>
	</ISO_CURRENCY_HISTORIC>
	<ISO_CURRENCY_HISTORIC>
		<ENTITY>BURMA </ENTITY>
		<CURRENCY>N.A.</CURRENCY>
		<ALPHABETIC_CODE>BUK</ALPHABETIC_CODE>
		<NUMERIC_CODE>—</NUMERIC_CODE>
		<WITHDRAWAL_DATE>1990-02</WITHDRAWAL_DATE>
		<REMARK/>
	</ISO_CURRENCY_HISTORIC>
	<ISO_CURRENCY_HISTORIC>
		<ENTITY>CHINA</ENTITY>
		<CURRENCY>Peoples Bank Dollar</CURRENCY>
		<ALPHABETIC_CODE>CNX</ALPHABETIC_CODE>
		<NUMERIC_CODE>—</NUMERIC_CODE>
		<WITHDRAWAL_DATE>1989-12</WITHDRAWAL_DATE>
		<REMARK>non ISO code</REMARK>
	</ISO_CURRENCY_HISTORIC>
	<ISO_CURRENCY_HISTORIC>
		<ENTITY>CROATIA</ENTITY>
		<CURRENCY>Croatian Dinar</CURRENCY>
		<ALPHABETIC_CODE>HRD</ALPHABETIC_CODE>
		<NUMERIC_CODE>191</NUMERIC_CODE>
		<WITHDRAWAL_DATE>1995-01</WITHDRAWAL_DATE>
		<REMARK/>
	</ISO_CURRENCY_HISTORIC>
	<ISO_CURRENCY_HISTORIC>
		<ENTITY>CYPRUS</ENTITY>
		<CURRENCY>Cyprus Pound</CURRENCY>
		<ALPHABETIC_CODE>CYP</ALPHABETIC_CODE>
		<NUMERIC_CODE>196</NUMERIC_CODE>
		<WITHDRAWAL_DATE>2008-01</WITHDRAWAL_DATE>
		<REMARK/>
	</ISO_CURRENCY_HISTORIC>
	<ISO_CURRENCY_HISTORIC>
		<ENTITY>CZECHOSLOVAKIA</ENTITY>
		<CURRENCY>Krona A/53</CURRENCY>
		<ALPHABETIC_CODE>CSJ</ALPHABETIC_CODE>
		<NUMERIC_CODE>—</NUMERIC_CODE>
		<WITHDRAWAL_DATE>1989 to 1990</WITHDRAWAL_DATE>
		<REMARK>non ISO code</REMARK>
	</ISO_CURRENCY_HISTORIC>
	<ISO_CURRENCY_HISTORIC>
		<ENTITY>CZECHOSLOVAKIA</ENTITY>
		<CURRENCY>Koruna</CURRENCY>
		<ALPHABETIC_CODE>CSK</ALPHABETIC_CODE>
		<NUMERIC_CODE>200</NUMERIC_CODE>
		<WITHDRAWAL_DATE>1993-03</WITHDRAWAL_DATE>
		<REMARK/>
	</ISO_CURRENCY_HISTORIC>
	<ISO_CURRENCY_HISTORIC>
		<ENTITY>ECUADOR</ENTITY>
		<CURRENCY>Sucre</CURRENCY>
		<ALPHABETIC_CODE>ECS</ALPHABETIC_CODE>
		<NUMERIC_CODE>218</NUMERIC_CODE>
		<WITHDRAWAL_DATE>2000-09</WITHDRAWAL_DATE>
		<REMARK/>
	</ISO_CURRENCY_HISTORIC>
	<ISO_CURRENCY_HISTORIC>
		<ENTITY>ECUADOR</ENTITY>
		<CURRENCY>Unidad de Valor Constante (UVC)</CURRENCY>
		<ALPHABETIC_CODE>ECV</ALPHABETIC_CODE>
		<NUMERIC_CODE>983</NUMERIC_CODE>
		<WITHDRAWAL_DATE>2000-09</WITHDRAWAL_DATE>
		<REMARK/>
	</ISO_CURRENCY_HISTORIC>
	<ISO_CURRENCY_HISTORIC>
		<ENTITY>EQUATORIAL GUINEA</ENTITY>
		<CURRENCY>Ekwele</CURRENCY>
		<ALPHABETIC_CODE>EQE</ALPHABETIC_CODE>
		<NUMERIC_CODE>—</NUMERIC_CODE>
		<WITHDRAWAL_DATE>1989-12</WITHDRAWAL_DATE>
		<REMARK/>
	</ISO_CURRENCY_HISTORIC>
	<ISO_CURRENCY_HISTORIC>
		<ENTITY>EQUATORIAL GUINEA</ENTITY>
		<CURRENCY>Ekwele</CURRENCY>
		<ALPHABETIC_CODE>GQE</ALPHABETIC_CODE>
		<NUMERIC_CODE>226</NUMERIC_CODE>
		<WITHDRAWAL_DATE>1986-06</WITHDRAWAL_DATE>
		<REMARK/>
	</ISO_CURRENCY_HISTORIC>
	<ISO_CURRENCY_HISTORIC>
		<ENTITY>ESTONIA</ENTITY>
		<CURRENCY>Kroon</CURRENCY>
		<ALPHABETIC_CODE>EEK </ALPHABETIC_CODE>
		<NUMERIC_CODE>233</NUMERIC_CODE>
		<WITHDRAWAL_DATE>2011-01</WITHDRAWAL_DATE>
		<REMARK/>
	</ISO_CURRENCY_HISTORIC>
	<ISO_CURRENCY_HISTORIC>
		<ENTITY>EUROPEAN MONETARY CO-OPERATION FUND (EMCF) </ENTITY>
		<CURRENCY>European Currency Unit (E.C.U) </CURRENCY>
		<ALPHABETIC_CODE>XEU </ALPHABETIC_CODE>
		<NUMERIC_CODE>954</NUMERIC_CODE>
		<WITHDRAWAL_DATE>1999-01 </WITHDRAWAL_DATE>
		<REMARK/>
	</ISO_CURRENCY_HISTORIC>
	<ISO_CURRENCY_HISTORIC>
		<ENTITY>FINLAND</ENTITY>
		<CURRENCY>Markka</CURRENCY>
		<ALPHABETIC_CODE>FIM</ALPHABETIC_CODE>
		<NUMERIC_CODE>246</NUMERIC_CODE>
		<WITHDRAWAL_DATE>2002-03</WITHDRAWAL_DATE>
		<REMARK/>
	</ISO_CURRENCY_HISTORIC>
	<ISO_CURRENCY_HISTORIC>
		<ENTITY>FRANCE</ENTITY>
		<CURRENCY>French Franc</CURRENCY>
		<ALPHABETIC_CODE>FRF</ALPHABETIC_CODE>
		<NUMERIC_CODE>250</NUMERIC_CODE>
		<WITHDRAWAL_DATE>2002-03</WITHDRAWAL_DATE>
		<REMARK/>
	</ISO_CURRENCY_HISTORIC>
	<ISO_CURRENCY_HISTORIC>
		<ENTITY>FRENCH  GUIANA</ENTITY>
		<CURRENCY>French Franc</CURRENCY>
		<ALPHABETIC_CODE>FRF</ALPHABETIC_CODE>
		<NUMERIC_CODE>250</NUMERIC_CODE>
		<WITHDRAWAL_DATE>2002-03</WITHDRAWAL_DATE>
		<REMARK/>
	</ISO_CURRENCY_HISTORIC>
	<ISO_CURRENCY_HISTORIC>
		<ENTITY>FRENCH SOUTHERN TERRITORIES</ENTITY>
		<CURRENCY>French Franc</CURRENCY>
		<ALPHABETIC_CODE>FRF</ALPHABETIC_CODE>
		<NUMERIC_CODE>250</NUMERIC_CODE>
		<WITHDRAWAL_DATE>2002-03</WITHDRAWAL_DATE>
		<REMARK/>
	</ISO_CURRENCY_HISTORIC>
	<ISO_CURRENCY_HISTORIC>
		<ENTITY>GEORGIA</ENTITY>
		<CURRENCY>Georgian Coupon</CURRENCY>
		<ALPHABETIC_CODE>GEK</ALPHABETIC_CODE>
		<NUMERIC_CODE>268</NUMERIC_CODE>
		<WITHDRAWAL_DATE>1995-10</WITHDRAWAL_DATE>
		<REMARK/>
	</ISO_CURRENCY_HISTORIC>
	<ISO_CURRENCY_HISTORIC>
		<ENTITY>GEORGIA</ENTITY>
		<CURRENCY>Russian Ruble</CURRENCY>
		<ALPHABETIC_CODE>RUR</ALPHABETIC_CODE>
        <CURRENCY_SYMBOL>₽</CURRENCY_SYMBOL>
		<NUMERIC_CODE>810</NUMERIC_CODE>
		<WITHDRAWAL_DATE>1994-04</WITHDRAWAL_DATE>
		<REMARK/>
	</ISO_CURRENCY_HISTORIC>
	<ISO_CURRENCY_HISTORIC>
		<ENTITY>GERMAN DEMOCRATIC REPUBLIC</ENTITY>
		<CURRENCY>Mark der DDR</CURRENCY>
		<ALPHABETIC_CODE>DDM</ALPHABETIC_CODE>
		<NUMERIC_CODE>278</NUMERIC_CODE>
		<WITHDRAWAL_DATE>1990-07 to 1990-09</WITHDRAWAL_DATE>
		<REMARK/>
	</ISO_CURRENCY_HISTORIC>
	<ISO_CURRENCY_HISTORIC>
		<ENTITY>GERMANY</ENTITY>
		<CURRENCY>Deutsche Mark</CURRENCY>
		<ALPHABETIC_CODE>DEM</ALPHABETIC_CODE>
		<NUMERIC_CODE>276</NUMERIC_CODE>
		<WITHDRAWAL_DATE>2002-03</WITHDRAWAL_DATE>
		<REMARK/>
	</ISO_CURRENCY_HISTORIC>
	<ISO_CURRENCY_HISTORIC>
		<ENTITY>GHANA</ENTITY>
		<CURRENCY>Cedi</CURRENCY>
		<ALPHABETIC_CODE>GHC</ALPHABETIC_CODE>
		<NUMERIC_CODE>288</NUMERIC_CODE>
		<WITHDRAWAL_DATE>2008-01</WITHDRAWAL_DATE>
		<REMARK/>
	</ISO_CURRENCY_HISTORIC>
	<ISO_CURRENCY_HISTORIC>
		<ENTITY>GHANA</ENTITY>
		<CURRENCY>Ghana Cedi </CURRENCY>
		<ALPHABETIC_CODE>GHP</ALPHABETIC_CODE>
		<NUMERIC_CODE>939</NUMERIC_CODE>
		<WITHDRAWAL_DATE>2007-06</WITHDRAWAL_DATE>
		<REMARK/>
	</ISO_CURRENCY_HISTORIC>
	<ISO_CURRENCY_HISTORIC>
		<ENTITY>GREECE</ENTITY>
		<CURRENCY>Drachma</CURRENCY>
		<ALPHABETIC_CODE>GRD</ALPHABETIC_CODE>
		<NUMERIC_CODE>300</NUMERIC_CODE>
		<WITHDRAWAL_DATE>2002-03</WITHDRAWAL_DATE>
		<REMARK/>
	</ISO_CURRENCY_HISTORIC>
	<ISO_CURRENCY_HISTORIC>
		<ENTITY>GUADELOUPE</ENTITY>
		<CURRENCY>French Franc</CURRENCY>
		<ALPHABETIC_CODE>FRF</ALPHABETIC_CODE>
		<NUMERIC_CODE>250</NUMERIC_CODE>
		<WITHDRAWAL_DATE>2002-03</WITHDRAWAL_DATE>
		<REMARK/>
	</ISO_CURRENCY_HISTORIC>
	<ISO_CURRENCY_HISTORIC>
		<ENTITY>GUINEA</ENTITY>
		<CURRENCY>Syli</CURRENCY>
		<ALPHABETIC_CODE>GNE</ALPHABETIC_CODE>
		<NUMERIC_CODE>—</NUMERIC_CODE>
		<WITHDRAWAL_DATE>1989-12</WITHDRAWAL_DATE>
		<REMARK>non ISO code</REMARK>
	</ISO_CURRENCY_HISTORIC>
	<ISO_CURRENCY_HISTORIC>
		<ENTITY>GUINEA</ENTITY>
		<CURRENCY>Syli</CURRENCY>
		<ALPHABETIC_CODE>GNS</ALPHABETIC_CODE>
		<NUMERIC_CODE>—</NUMERIC_CODE>
		<WITHDRAWAL_DATE>1986-02</WITHDRAWAL_DATE>
		<REMARK/>
	</ISO_CURRENCY_HISTORIC>
	<ISO_CURRENCY_HISTORIC>
		<ENTITY>GUINEA-BISSAU</ENTITY>
		<CURRENCY>Guinea Escudo</CURRENCY>
		<ALPHABETIC_CODE>GWE</ALPHABETIC_CODE>
		<NUMERIC_CODE>—</NUMERIC_CODE>
		<WITHDRAWAL_DATE>1978 to 1981</WITHDRAWAL_DATE>
		<REMARK/>
	</ISO_CURRENCY_HISTORIC>
	<ISO_CURRENCY_HISTORIC>
		<ENTITY>GUINEA-BISSAU</ENTITY>
		<CURRENCY>Guinea-Bissau Peso</CURRENCY>
		<ALPHABETIC_CODE>GWP</ALPHABETIC_CODE>
		<NUMERIC_CODE>624</NUMERIC_CODE>
		<WITHDRAWAL_DATE>1997-05</WITHDRAWAL_DATE>
		<REMARK/>
	</ISO_CURRENCY_HISTORIC>
	<ISO_CURRENCY_HISTORIC>
		<ENTITY>HOLY SEE (VATICAN CITY STATE)</ENTITY>
		<CURRENCY>Italian Lira</CURRENCY>
		<ALPHABETIC_CODE>ITL</ALPHABETIC_CODE>
		<NUMERIC_CODE>380</NUMERIC_CODE>
		<WITHDRAWAL_DATE>2002-03</WITHDRAWAL_DATE>
		<REMARK/>
	</ISO_CURRENCY_HISTORIC>
	<ISO_CURRENCY_HISTORIC>
		<ENTITY>ICELAND</ENTITY>
		<CURRENCY>Old Krona</CURRENCY>
		<ALPHABETIC_CODE>ISJ</ALPHABETIC_CODE>
		<NUMERIC_CODE>—</NUMERIC_CODE>
		<WITHDRAWAL_DATE>1989 to 1990</WITHDRAWAL_DATE>
		<REMARK>non ISO code</REMARK>
	</ISO_CURRENCY_HISTORIC>
	<ISO_CURRENCY_HISTORIC>
		<ENTITY>IRELAND</ENTITY>
		<CURRENCY>Irish Pound</CURRENCY>
		<ALPHABETIC_CODE>IEP</ALPHABETIC_CODE>
		<NUMERIC_CODE>372</NUMERIC_CODE>
		<WITHDRAWAL_DATE>2002-03</WITHDRAWAL_DATE>
		<REMARK/>
	</ISO_CURRENCY_HISTORIC>
	<ISO_CURRENCY_HISTORIC>
		<ENTITY>ISRAEL</ENTITY>
		<CURRENCY>Pound</CURRENCY>
		<ALPHABETIC_CODE>ILP</ALPHABETIC_CODE>
		<NUMERIC_CODE>—</NUMERIC_CODE>
		<WITHDRAWAL_DATE>1978 to 1981</WITHDRAWAL_DATE>
		<REMARK/>
	</ISO_CURRENCY_HISTORIC>
	<ISO_CURRENCY_HISTORIC>
		<ENTITY>ISRAEL</ENTITY>
		<CURRENCY>Old Shekel</CURRENCY>
		<ALPHABETIC_CODE>ILR</ALPHABETIC_CODE>
		<NUMERIC_CODE>—</NUMERIC_CODE>
		<WITHDRAWAL_DATE>1989 to 1990</WITHDRAWAL_DATE>
		<REMARK>non ISO code</REMARK>
	</ISO_CURRENCY_HISTORIC>
	<ISO_CURRENCY_HISTORIC>
		<ENTITY>ITALY</ENTITY>
		<CURRENCY>Italian Lira</CURRENCY>
		<ALPHABETIC_CODE>ITL</ALPHABETIC_CODE>
		<NUMERIC_CODE>380</NUMERIC_CODE>
		<WITHDRAWAL_DATE>2002-03</WITHDRAWAL_DATE>
		<REMARK/>
	</ISO_CURRENCY_HISTORIC>
	<ISO_CURRENCY_HISTORIC>
		<ENTITY>KAZAKHSTAN</ENTITY>
		<CURRENCY>Russian Ruble</CURRENCY>
		<ALPHABETIC_CODE>RUR</ALPHABETIC_CODE>
        <CURRENCY_SYMBOL>₽</CURRENCY_SYMBOL>
		<NUMERIC_CODE>810</NUMERIC_CODE>
		<WITHDRAWAL_DATE>1994-05</WITHDRAWAL_DATE>
		<REMARK/>
	</ISO_CURRENCY_HISTORIC>
	<ISO_CURRENCY_HISTORIC>
		<ENTITY>KYRGYZSTAN</ENTITY>
		<CURRENCY>Russian Ruble</CURRENCY>
		<ALPHABETIC_CODE>RUR</ALPHABETIC_CODE>
        <CURRENCY_SYMBOL>₽</CURRENCY_SYMBOL>
		<NUMERIC_CODE>810</NUMERIC_CODE>
		<WITHDRAWAL_DATE>1993-01</WITHDRAWAL_DATE>
		<REMARK/>
	</ISO_CURRENCY_HISTORIC>
	<ISO_CURRENCY_HISTORIC>
		<ENTITY>LAO</ENTITY>
		<CURRENCY>Kip Pot Pol</CURRENCY>
		<ALPHABETIC_CODE>LAJ</ALPHABETIC_CODE>
		<NUMERIC_CODE>—</NUMERIC_CODE>
		<WITHDRAWAL_DATE>1989-12</WITHDRAWAL_DATE>
		<REMARK>non ISO code</REMARK>
	</ISO_CURRENCY_HISTORIC>
	<ISO_CURRENCY_HISTORIC>
		<ENTITY>LATVIA</ENTITY>
		<CURRENCY>Latvian Ruble</CURRENCY>
		<ALPHABETIC_CODE>LVR</ALPHABETIC_CODE>
		<NUMERIC_CODE>428</NUMERIC_CODE>
		<WITHDRAWAL_DATE>1994-12</WITHDRAWAL_DATE>
		<REMARK/>
	</ISO_CURRENCY_HISTORIC>
	<ISO_CURRENCY_HISTORIC>
		<ENTITY>LESOTHO</ENTITY>
		<CURRENCY>Maloti</CURRENCY>
		<ALPHABETIC_CODE>LSM</ALPHABETIC_CODE>
		<NUMERIC_CODE>—</NUMERIC_CODE>
		<WITHDRAWAL_DATE>1985-05</WITHDRAWAL_DATE>
		<REMARK/>
	</ISO_CURRENCY_HISTORIC>
	<ISO_CURRENCY_HISTORIC>
		<ENTITY>LESOTHO</ENTITY>
		<CURRENCY>Financial Rand</CURRENCY>
		<ALPHABETIC_CODE>ZAL</ALPHABETIC_CODE>
		<NUMERIC_CODE>991</NUMERIC_CODE>
		<WITHDRAWAL_DATE>1995-03</WITHDRAWAL_DATE>
		<REMARK/>
	</ISO_CURRENCY_HISTORIC>
	<ISO_CURRENCY_HISTORIC>
		<ENTITY>LITHUANIA</ENTITY>
		<CURRENCY>Talonas</CURRENCY>
		<ALPHABETIC_CODE>LTT</ALPHABETIC_CODE>
		<NUMERIC_CODE>440</NUMERIC_CODE>
		<WITHDRAWAL_DATE>1993-07</WITHDRAWAL_DATE>
		<REMARK/>
	</ISO_CURRENCY_HISTORIC>
	<ISO_CURRENCY_HISTORIC>
		<ENTITY>LUXEMBOURG</ENTITY>
		<CURRENCY>Luxembourg Convertible Franc</CURRENCY>
		<ALPHABETIC_CODE>LUC</ALPHABETIC_CODE>
		<NUMERIC_CODE>989</NUMERIC_CODE>
		<WITHDRAWAL_DATE>1990-03</WITHDRAWAL_DATE>
		<REMARK/>
	</ISO_CURRENCY_HISTORIC>
	<ISO_CURRENCY_HISTORIC>
		<ENTITY>LUXEMBOURG</ENTITY>
		<CURRENCY>Luxembourg Franc</CURRENCY>
		<ALPHABETIC_CODE>LUF</ALPHABETIC_CODE>
		<NUMERIC_CODE>442</NUMERIC_CODE>
		<WITHDRAWAL_DATE>2002-03</WITHDRAWAL_DATE>
		<REMARK/>
	</ISO_CURRENCY_HISTORIC>
	<ISO_CURRENCY_HISTORIC>
		<ENTITY>LUXEMBOURG</ENTITY>
		<CURRENCY>Luxembourg Financial Franc</CURRENCY>
		<ALPHABETIC_CODE>LUL</ALPHABETIC_CODE>
		<NUMERIC_CODE>988</NUMERIC_CODE>
		<WITHDRAWAL_DATE>1990-03</WITHDRAWAL_DATE>
		<REMARK/>
	</ISO_CURRENCY_HISTORIC>
	<ISO_CURRENCY_HISTORIC>
		<ENTITY>MADAGASCAR</ENTITY>
		<CURRENCY>Malagasy Franc</CURRENCY>
		<ALPHABETIC_CODE>MGF</ALPHABETIC_CODE>
		<NUMERIC_CODE>450</NUMERIC_CODE>
		<WITHDRAWAL_DATE>2004-12</WITHDRAWAL_DATE>
		<REMARK/>
	</ISO_CURRENCY_HISTORIC>
	<ISO_CURRENCY_HISTORIC>
		<ENTITY>MALDIVES</ENTITY>
		<CURRENCY>Maldive Rupee</CURRENCY>
		<ALPHABETIC_CODE>MVQ</ALPHABETIC_CODE>
		<NUMERIC_CODE>—</NUMERIC_CODE>
		<WITHDRAWAL_DATE>1989-12</WITHDRAWAL_DATE>
		<REMARK>non ISO code</REMARK>
	</ISO_CURRENCY_HISTORIC>
	<ISO_CURRENCY_HISTORIC>
		<ENTITY>MALI</ENTITY>
		<CURRENCY>Mali Franc</CURRENCY>
		<ALPHABETIC_CODE>MAF</ALPHABETIC_CODE>
		<NUMERIC_CODE>—</NUMERIC_CODE>
		<WITHDRAWAL_DATE>1989-12</WITHDRAWAL_DATE>
		<REMARK>non ISO code</REMARK>
	</ISO_CURRENCY_HISTORIC>
	<ISO_CURRENCY_HISTORIC>
		<ENTITY>MALI</ENTITY>
		<CURRENCY>Mali Franc</CURRENCY>
		<ALPHABETIC_CODE>MLF</ALPHABETIC_CODE>
		<NUMERIC_CODE>466</NUMERIC_CODE>
		<WITHDRAWAL_DATE>1984-11</WITHDRAWAL_DATE>
		<REMARK/>
	</ISO_CURRENCY_HISTORIC>
	<ISO_CURRENCY_HISTORIC>
		<ENTITY>MALTA</ENTITY>
		<CURRENCY>Maltese Lira</CURRENCY>
		<ALPHABETIC_CODE>MTL</ALPHABETIC_CODE>
		<NUMERIC_CODE>470</NUMERIC_CODE>
		<WITHDRAWAL_DATE>2008-01</WITHDRAWAL_DATE>
		<REMARK/>
	</ISO_CURRENCY_HISTORIC>
	<ISO_CURRENCY_HISTORIC>
		<ENTITY>MALTA</ENTITY>
		<CURRENCY>Maltese Pound</CURRENCY>
		<ALPHABETIC_CODE>MTP</ALPHABETIC_CODE>
		<NUMERIC_CODE>—</NUMERIC_CODE>
		<WITHDRAWAL_DATE>1983-06</WITHDRAWAL_DATE>
		<REMARK/>
	</ISO_CURRENCY_HISTORIC>
	<ISO_CURRENCY_HISTORIC>
		<ENTITY>MARTINIQUE</ENTITY>
		<CURRENCY>French Franc</CURRENCY>
		<ALPHABETIC_CODE>FRF</ALPHABETIC_CODE>
		<NUMERIC_CODE>250</NUMERIC_CODE>
		<WITHDRAWAL_DATE>2002-03</WITHDRAWAL_DATE>
		<REMARK/>
	</ISO_CURRENCY_HISTORIC>
	<ISO_CURRENCY_HISTORIC>
		<ENTITY>MAYOTTE</ENTITY>
		<CURRENCY>French Franc</CURRENCY>
		<ALPHABETIC_CODE>FRF</ALPHABETIC_CODE>
		<NUMERIC_CODE>250</NUMERIC_CODE>
		<WITHDRAWAL_DATE>2002-03</WITHDRAWAL_DATE>
		<REMARK/>
	</ISO_CURRENCY_HISTORIC>
	<ISO_CURRENCY_HISTORIC>
		<ENTITY>MEXICO</ENTITY>
		<CURRENCY>Mexican Peso</CURRENCY>
		<ALPHABETIC_CODE>MXP</ALPHABETIC_CODE>
		<NUMERIC_CODE>— </NUMERIC_CODE>
		<WITHDRAWAL_DATE>1993-01 </WITHDRAWAL_DATE>
		<REMARK/>
	</ISO_CURRENCY_HISTORIC>
	<ISO_CURRENCY_HISTORIC>
		<ENTITY>MOLDOVA, REPUBLIC OF</ENTITY>
		<CURRENCY>Russian Ruble</CURRENCY>
		<ALPHABETIC_CODE>RUR</ALPHABETIC_CODE>
        <CURRENCY_SYMBOL>₽</CURRENCY_SYMBOL>
		<NUMERIC_CODE>810</NUMERIC_CODE>
		<WITHDRAWAL_DATE>1993-12</WITHDRAWAL_DATE>
		<REMARK/>
	</ISO_CURRENCY_HISTORIC>
	<ISO_CURRENCY_HISTORIC>
		<ENTITY>MONACO</ENTITY>
		<CURRENCY>French Franc</CURRENCY>
		<ALPHABETIC_CODE>FRF</ALPHABETIC_CODE>
		<NUMERIC_CODE>250</NUMERIC_CODE>
		<WITHDRAWAL_DATE>2002-03</WITHDRAWAL_DATE>
		<REMARK/>
	</ISO_CURRENCY_HISTORIC>
	<ISO_CURRENCY_HISTORIC>
		<ENTITY>MOZAMBIQUE</ENTITY>
		<CURRENCY>Mozambique Escudo</CURRENCY>
		<ALPHABETIC_CODE>MZE</ALPHABETIC_CODE>
		<NUMERIC_CODE>—</NUMERIC_CODE>
		<WITHDRAWAL_DATE>1978 to 1981</WITHDRAWAL_DATE>
		<REMARK/>
	</ISO_CURRENCY_HISTORIC>
	<ISO_CURRENCY_HISTORIC>
		<ENTITY>MOZAMBIQUE</ENTITY>
		<CURRENCY>Mozambique Metical</CURRENCY>
		<ALPHABETIC_CODE>MZM</ALPHABETIC_CODE>
		<NUMERIC_CODE>508</NUMERIC_CODE>
		<WITHDRAWAL_DATE>2006-06</WITHDRAWAL_DATE>
		<REMARK/>
	</ISO_CURRENCY_HISTORIC>
	<ISO_CURRENCY_HISTORIC>
		<ENTITY>NETHERLANDS</ENTITY>
		<CURRENCY>Netherlands Guilder</CURRENCY>
		<ALPHABETIC_CODE>NLG</ALPHABETIC_CODE>
		<NUMERIC_CODE>528</NUMERIC_CODE>
		<WITHDRAWAL_DATE>2002-03</WITHDRAWAL_DATE>
		<REMARK/>
	</ISO_CURRENCY_HISTORIC>
	<ISO_CURRENCY_HISTORIC>
		<ENTITY>NETHERLANDS ANTILLES</ENTITY>
		<CURRENCY>Netherlands Antillean Guilder </CURRENCY>
		<ALPHABETIC_CODE>ANG</ALPHABETIC_CODE>
		<NUMERIC_CODE>532</NUMERIC_CODE>
		<WITHDRAWAL_DATE>2010-10</WITHDRAWAL_DATE>
		<REMARK/>
	</ISO_CURRENCY_HISTORIC>
	<ISO_CURRENCY_HISTORIC>
		<ENTITY>NICARAGUA</ENTITY>
		<CURRENCY>Cordoba</CURRENCY>
		<ALPHABETIC_CODE>NIC</ALPHABETIC_CODE>
		<NUMERIC_CODE>—</NUMERIC_CODE>
		<WITHDRAWAL_DATE>1990-10</WITHDRAWAL_DATE>
		<REMARK/>
	</ISO_CURRENCY_HISTORIC>
	<ISO_CURRENCY_HISTORIC>
		<ENTITY>PERU</ENTITY>
		<CURRENCY>Sol</CURRENCY>
		<ALPHABETIC_CODE>PEH</ALPHABETIC_CODE>
		<NUMERIC_CODE>—</NUMERIC_CODE>
		<WITHDRAWAL_DATE>1989 to 1990</WITHDRAWAL_DATE>
		<REMARK>non ISO code</REMARK>
	</ISO_CURRENCY_HISTORIC>
	<ISO_CURRENCY_HISTORIC>
		<ENTITY>PERU</ENTITY>
		<CURRENCY>Inti</CURRENCY>
		<ALPHABETIC_CODE>PEI</ALPHABETIC_CODE>
		<NUMERIC_CODE>604</NUMERIC_CODE>
		<WITHDRAWAL_DATE>1991-07</WITHDRAWAL_DATE>
		<REMARK/>
	</ISO_CURRENCY_HISTORIC>
	<ISO_CURRENCY_HISTORIC>
		<ENTITY>PERU</ENTITY>
		<CURRENCY>Sol</CURRENCY>
		<ALPHABETIC_CODE>PES</ALPHABETIC_CODE>
		<NUMERIC_CODE>604</NUMERIC_CODE>
		<WITHDRAWAL_DATE>1986-02</WITHDRAWAL_DATE>
		<REMARK/>
	</ISO_CURRENCY_HISTORIC>
	<ISO_CURRENCY_HISTORIC>
		<ENTITY>POLAND</ENTITY>
		<CURRENCY>Zloty</CURRENCY>
		<ALPHABETIC_CODE>PLZ</ALPHABETIC_CODE>
		<NUMERIC_CODE>616</NUMERIC_CODE>
		<WITHDRAWAL_DATE>1997-01</WITHDRAWAL_DATE>
		<REMARK/>
	</ISO_CURRENCY_HISTORIC>
	<ISO_CURRENCY_HISTORIC>
		<ENTITY>PORTUGAL</ENTITY>
		<CURRENCY>Portuguese Escudo</CURRENCY>
		<ALPHABETIC_CODE>PTE</ALPHABETIC_CODE>
		<NUMERIC_CODE>620</NUMERIC_CODE>
		<WITHDRAWAL_DATE>2002-03</WITHDRAWAL_DATE>
		<REMARK/>
	</ISO_CURRENCY_HISTORIC>
	<ISO_CURRENCY_HISTORIC>
		<ENTITY>RÉUNION</ENTITY>
		<CURRENCY>French Franc</CURRENCY>
		<ALPHABETIC_CODE>FRF</ALPHABETIC_CODE>
		<NUMERIC_CODE>250</NUMERIC_CODE>
		<WITHDRAWAL_DATE>2002-03</WITHDRAWAL_DATE>
		<REMARK/>
	</ISO_CURRENCY_HISTORIC>
	<ISO_CURRENCY_HISTORIC>
		<ENTITY>ROMANIA</ENTITY>
		<CURRENCY>Leu A/52</CURRENCY>
		<ALPHABETIC_CODE>ROK</ALPHABETIC_CODE>
		<NUMERIC_CODE>—</NUMERIC_CODE>
		<WITHDRAWAL_DATE>1989 to 1990</WITHDRAWAL_DATE>
		<REMARK>non ISO code</REMARK>
	</ISO_CURRENCY_HISTORIC>
	<ISO_CURRENCY_HISTORIC>
		<ENTITY>ROMANIA</ENTITY>
		<CURRENCY>Old Leu</CURRENCY>
		<ALPHABETIC_CODE>ROL</ALPHABETIC_CODE>
		<NUMERIC_CODE>642</NUMERIC_CODE>
		<WITHDRAWAL_DATE>2005-06</WITHDRAWAL_DATE>
		<REMARK/>
	</ISO_CURRENCY_HISTORIC>
	<ISO_CURRENCY_HISTORIC>
		<ENTITY>RUSSIAN FEDERATION</ENTITY>
		<CURRENCY>Russian Ruble</CURRENCY>
		<ALPHABETIC_CODE>RUR</ALPHABETIC_CODE>
        <CURRENCY_SYMBOL>₽</CURRENCY_SYMBOL>
		<NUMERIC_CODE>810</NUMERIC_CODE>
		<WITHDRAWAL_DATE>2004-01</WITHDRAWAL_DATE>
		<REMARK/>
	</ISO_CURRENCY_HISTORIC>
	<ISO_CURRENCY_HISTORIC>
		<ENTITY>SAINT MARTIN</ENTITY>
		<CURRENCY>French Franc</CURRENCY>
		<ALPHABETIC_CODE>FRF</ALPHABETIC_CODE>
		<NUMERIC_CODE>250</NUMERIC_CODE>
		<WITHDRAWAL_DATE>1999-01</WITHDRAWAL_DATE>
		<REMARK/>
	</ISO_CURRENCY_HISTORIC>
	<ISO_CURRENCY_HISTORIC>
		<ENTITY>SAINT PIERRE AND MIQUELON</ENTITY>
		<CURRENCY>French Franc</CURRENCY>
		<ALPHABETIC_CODE>FRF</ALPHABETIC_CODE>
		<NUMERIC_CODE>250</NUMERIC_CODE>
		<WITHDRAWAL_DATE>2002-03</WITHDRAWAL_DATE>
		<REMARK/>
	</ISO_CURRENCY_HISTORIC>
	<ISO_CURRENCY_HISTORIC>
		<ENTITY>SAINT-BARTHÉLEMY</ENTITY>
		<CURRENCY>French Franc</CURRENCY>
		<ALPHABETIC_CODE>FRF</ALPHABETIC_CODE>
		<NUMERIC_CODE>250</NUMERIC_CODE>
		<WITHDRAWAL_DATE>1999-01</WITHDRAWAL_DATE>
		<REMARK/>
	</ISO_CURRENCY_HISTORIC>
	<ISO_CURRENCY_HISTORIC>
		<ENTITY>SAN MARINO</ENTITY>
		<CURRENCY>Italian Lira</CURRENCY>
		<ALPHABETIC_CODE>ITL</ALPHABETIC_CODE>
		<NUMERIC_CODE>380</NUMERIC_CODE>
		<WITHDRAWAL_DATE>2002-03</WITHDRAWAL_DATE>
		<REMARK/>
	</ISO_CURRENCY_HISTORIC>
	<ISO_CURRENCY_HISTORIC>
		<ENTITY>SERBIA AND MONTENEGRO</ENTITY>
		<CURRENCY>Serbian Dinar</CURRENCY>
		<ALPHABETIC_CODE>CSD</ALPHABETIC_CODE>
		<NUMERIC_CODE>891</NUMERIC_CODE>
		<WITHDRAWAL_DATE>2006-10</WITHDRAWAL_DATE>
		<REMARK/>
	</ISO_CURRENCY_HISTORIC>
	<ISO_CURRENCY_HISTORIC>
		<ENTITY>SERBIA AND MONTENEGRO</ENTITY>
		<CURRENCY>Euro</CURRENCY>
		<ALPHABETIC_CODE>EUR </ALPHABETIC_CODE>
        <CURRENCY_SYMBOL>€</CURRENCY_SYMBOL>
		<NUMERIC_CODE>978</NUMERIC_CODE>
		<WITHDRAWAL_DATE>2006-10</WITHDRAWAL_DATE>
		<REMARK/>
	</ISO_CURRENCY_HISTORIC>
	<ISO_CURRENCY_HISTORIC>
		<ENTITY>SLOVAKIA</ENTITY>
		<CURRENCY>Slovak Koruna</CURRENCY>
		<ALPHABETIC_CODE>SKK</ALPHABETIC_CODE>
		<NUMERIC_CODE>703</NUMERIC_CODE>
		<WITHDRAWAL_DATE>2009-01</WITHDRAWAL_DATE>
		<REMARK/>
	</ISO_CURRENCY_HISTORIC>
	<ISO_CURRENCY_HISTORIC>
		<ENTITY>SLOVENIA</ENTITY>
		<CURRENCY>Tolar</CURRENCY>
		<ALPHABETIC_CODE>SIT</ALPHABETIC_CODE>
		<NUMERIC_CODE>705</NUMERIC_CODE>
		<WITHDRAWAL_DATE>2007-01</WITHDRAWAL_DATE>
		<REMARK/>
	</ISO_CURRENCY_HISTORIC>
	<ISO_CURRENCY_HISTORIC>
		<ENTITY>SOUTH AFRICA</ENTITY>
		<CURRENCY>Financial Rand</CURRENCY>
		<ALPHABETIC_CODE>ZAL</ALPHABETIC_CODE>
		<NUMERIC_CODE>991</NUMERIC_CODE>
		<WITHDRAWAL_DATE>1995-03</WITHDRAWAL_DATE>
		<REMARK/>
	</ISO_CURRENCY_HISTORIC>
	<ISO_CURRENCY_HISTORIC>
		<ENTITY>SOUTHERN RHODESIA </ENTITY>
		<CURRENCY>Rhodesian Dollar</CURRENCY>
		<ALPHABETIC_CODE>RHD</ALPHABETIC_CODE>
		<NUMERIC_CODE>—</NUMERIC_CODE>
		<WITHDRAWAL_DATE>1978 to 1981</WITHDRAWAL_DATE>
		<REMARK/>
	</ISO_CURRENCY_HISTORIC>
	<ISO_CURRENCY_HISTORIC>
		<ENTITY>SPAIN</ENTITY>
		<CURRENCY>Spanish Peseta</CURRENCY>
		<ALPHABETIC_CODE>ESA</ALPHABETIC_CODE>
		<NUMERIC_CODE>996</NUMERIC_CODE>
		<WITHDRAWAL_DATE>1978 to 1981</WITHDRAWAL_DATE>
		<REMARK/>
	</ISO_CURRENCY_HISTORIC>
	<ISO_CURRENCY_HISTORIC>
		<ENTITY>SPAIN</ENTITY>
		<CURRENCY>"A" Account (convertible Peseta Account)</CURRENCY>
		<ALPHABETIC_CODE>ESB</ALPHABETIC_CODE>
		<NUMERIC_CODE>995</NUMERIC_CODE>
		<WITHDRAWAL_DATE>1994-12</WITHDRAWAL_DATE>
		<REMARK/>
	</ISO_CURRENCY_HISTORIC>
	<ISO_CURRENCY_HISTORIC>
		<ENTITY>SPAIN</ENTITY>
		<CURRENCY>Spanish Peseta</CURRENCY>
		<ALPHABETIC_CODE>ESP</ALPHABETIC_CODE>
		<NUMERIC_CODE>724</NUMERIC_CODE>
		<WITHDRAWAL_DATE>2002-03</WITHDRAWAL_DATE>
		<REMARK/>
	</ISO_CURRENCY_HISTORIC>
	<ISO_CURRENCY_HISTORIC>
		<ENTITY>SUDAN</ENTITY>
		<CURRENCY>Sudanese Dinar</CURRENCY>
		<ALPHABETIC_CODE>SDD</ALPHABETIC_CODE>
		<NUMERIC_CODE>736</NUMERIC_CODE>
		<WITHDRAWAL_DATE>2007-07</WITHDRAWAL_DATE>
		<REMARK/>
	</ISO_CURRENCY_HISTORIC>
	<ISO_CURRENCY_HISTORIC>
		<ENTITY>SUDAN</ENTITY>
		<CURRENCY>Sudanese Pound</CURRENCY>
		<ALPHABETIC_CODE>SDP</ALPHABETIC_CODE>
		<NUMERIC_CODE>—</NUMERIC_CODE>
		<WITHDRAWAL_DATE>1998-06</WITHDRAWAL_DATE>
		<REMARK/>
	</ISO_CURRENCY_HISTORIC>
	<ISO_CURRENCY_HISTORIC>
		<ENTITY>SURINAME</ENTITY>
		<CURRENCY>Surinam Guilder</CURRENCY>
		<ALPHABETIC_CODE>SRG</ALPHABETIC_CODE>
		<NUMERIC_CODE>740</NUMERIC_CODE>
		<WITHDRAWAL_DATE>2003-12</WITHDRAWAL_DATE>
		<REMARK/>
	</ISO_CURRENCY_HISTORIC>
	<ISO_CURRENCY_HISTORIC>
		<ENTITY>SWITZERLAND</ENTITY>
		<CURRENCY>WIR Franc (for electronic)</CURRENCY>
		<ALPHABETIC_CODE>CHC</ALPHABETIC_CODE>
		<NUMERIC_CODE>948</NUMERIC_CODE>
		<WITHDRAWAL_DATE>2004-11</WITHDRAWAL_DATE>
		<REMARK/>
	</ISO_CURRENCY_HISTORIC>
	<ISO_CURRENCY_HISTORIC>
		<ENTITY>TAJIKISTAN</ENTITY>
		<CURRENCY>Russian Ruble</CURRENCY>
		<ALPHABETIC_CODE>RUR</ALPHABETIC_CODE>
        <CURRENCY_SYMBOL>₽</CURRENCY_SYMBOL>
		<NUMERIC_CODE>810</NUMERIC_CODE>
		<WITHDRAWAL_DATE>1995-05</WITHDRAWAL_DATE>
		<REMARK/>
	</ISO_CURRENCY_HISTORIC>
	<ISO_CURRENCY_HISTORIC>
		<ENTITY>TAJIKISTAN</ENTITY>
		<CURRENCY>Tajik Ruble</CURRENCY>
		<ALPHABETIC_CODE>TJR</ALPHABETIC_CODE>
		<NUMERIC_CODE>762</NUMERIC_CODE>
		<WITHDRAWAL_DATE>2001-04</WITHDRAWAL_DATE>
		<REMARK/>
	</ISO_CURRENCY_HISTORIC>
	<ISO_CURRENCY_HISTORIC>
		<ENTITY>TIMOR-LESTE</ENTITY>
		<CURRENCY>Rupiah</CURRENCY>
		<ALPHABETIC_CODE>IDR</ALPHABETIC_CODE>
		<NUMERIC_CODE>360</NUMERIC_CODE>
		<WITHDRAWAL_DATE>2002-07</WITHDRAWAL_DATE>
		<REMARK/>
	</ISO_CURRENCY_HISTORIC>
	<ISO_CURRENCY_HISTORIC>
		<ENTITY>TIMOR-LESTE</ENTITY>
		<CURRENCY>Timor Escudo</CURRENCY>
		<ALPHABETIC_CODE>TPE</ALPHABETIC_CODE>
		<NUMERIC_CODE>626</NUMERIC_CODE>
		<WITHDRAWAL_DATE>2002-11</WITHDRAWAL_DATE>
		<REMARK/>
	</ISO_CURRENCY_HISTORIC>
	<ISO_CURRENCY_HISTORIC>
		<ENTITY>TURKEY</ENTITY>
		<CURRENCY>Old Turkish Lira</CURRENCY>
		<ALPHABETIC_CODE>TRL</ALPHABETIC_CODE>
		<NUMERIC_CODE>792</NUMERIC_CODE>
		<WITHDRAWAL_DATE>2005-12</WITHDRAWAL_DATE>
		<REMARK/>
	</ISO_CURRENCY_HISTORIC>
	<ISO_CURRENCY_HISTORIC>
		<ENTITY>TURKEY</ENTITY>
		<CURRENCY>New Turkish Lira</CURRENCY>
		<ALPHABETIC_CODE>TRY</ALPHABETIC_CODE>
		<NUMERIC_CODE>949</NUMERIC_CODE>
		<WITHDRAWAL_DATE>2009-01</WITHDRAWAL_DATE>
		<REMARK/>
	</ISO_CURRENCY_HISTORIC>
	<ISO_CURRENCY_HISTORIC>
		<ENTITY>TURKMENISTAN</ENTITY>
		<CURRENCY>Russian Ruble</CURRENCY>
		<ALPHABETIC_CODE>RUR</ALPHABETIC_CODE>
        <CURRENCY_SYMBOL>₽</CURRENCY_SYMBOL>
		<NUMERIC_CODE>810</NUMERIC_CODE>
		<WITHDRAWAL_DATE>1993-10</WITHDRAWAL_DATE>
		<REMARK/>
	</ISO_CURRENCY_HISTORIC>
	<ISO_CURRENCY_HISTORIC>
		<ENTITY>TURKMENISTAN</ENTITY>
		<CURRENCY>Turkmenistan Manat</CURRENCY>
		<ALPHABETIC_CODE>TMM</ALPHABETIC_CODE>
		<NUMERIC_CODE>795</NUMERIC_CODE>
		<WITHDRAWAL_DATE>2009-01</WITHDRAWAL_DATE>
		<REMARK/>
	</ISO_CURRENCY_HISTORIC>
	<ISO_CURRENCY_HISTORIC>
		<ENTITY>UGANDA</ENTITY>
		<CURRENCY>Uganda Shilling</CURRENCY>
		<ALPHABETIC_CODE>UGS</ALPHABETIC_CODE>
		<NUMERIC_CODE>—</NUMERIC_CODE>
		<WITHDRAWAL_DATE>1987-05</WITHDRAWAL_DATE>
		<REMARK/>
	</ISO_CURRENCY_HISTORIC>
	<ISO_CURRENCY_HISTORIC>
		<ENTITY>UGANDA</ENTITY>
		<CURRENCY>Old Shilling</CURRENCY>
		<ALPHABETIC_CODE>UGW</ALPHABETIC_CODE>
		<NUMERIC_CODE>—</NUMERIC_CODE>
		<WITHDRAWAL_DATE>1989 to 1990</WITHDRAWAL_DATE>
		<REMARK>non ISO code</REMARK>
	</ISO_CURRENCY_HISTORIC>
	<ISO_CURRENCY_HISTORIC>
		<ENTITY>UKRAINE</ENTITY>
		<CURRENCY>Karbovanet</CURRENCY>
		<ALPHABETIC_CODE>UAK</ALPHABETIC_CODE>
		<NUMERIC_CODE>804</NUMERIC_CODE>
		<WITHDRAWAL_DATE>1996-09</WITHDRAWAL_DATE>
		<REMARK/>
	</ISO_CURRENCY_HISTORIC>
	<ISO_CURRENCY_HISTORIC>
		<ENTITY>UNION OF SOVIET SOCIALIST REPUBLICS</ENTITY>
		<CURRENCY>Rouble</CURRENCY>
		<ALPHABETIC_CODE>SUR</ALPHABETIC_CODE>
		<NUMERIC_CODE>—</NUMERIC_CODE>
		<WITHDRAWAL_DATE>1990-12</WITHDRAWAL_DATE>
		<REMARK/>
	</ISO_CURRENCY_HISTORIC>
	<ISO_CURRENCY_HISTORIC>
		<ENTITY>URUGUAY</ENTITY>
		<CURRENCY>Old Uruguay Peso</CURRENCY>
		<ALPHABETIC_CODE>UYN</ALPHABETIC_CODE>
		<NUMERIC_CODE>—</NUMERIC_CODE>
		<WITHDRAWAL_DATE>1989-12</WITHDRAWAL_DATE>
		<REMARK>non ISO code</REMARK>
	</ISO_CURRENCY_HISTORIC>
	<ISO_CURRENCY_HISTORIC>
		<ENTITY>URUGUAY</ENTITY>
		<CURRENCY>Uruguayan Peso</CURRENCY>
		<ALPHABETIC_CODE>UYP</ALPHABETIC_CODE>
		<NUMERIC_CODE>—  </NUMERIC_CODE>
		<WITHDRAWAL_DATE>1993-03</WITHDRAWAL_DATE>
		<REMARK/>
	</ISO_CURRENCY_HISTORIC>
	<ISO_CURRENCY_HISTORIC>
		<ENTITY>UZBEKISTAN</ENTITY>
		<CURRENCY>Russian Ruble</CURRENCY>
		<ALPHABETIC_CODE>RUR</ALPHABETIC_CODE>
        <CURRENCY_SYMBOL>₽</CURRENCY_SYMBOL>
		<NUMERIC_CODE>810</NUMERIC_CODE>
		<WITHDRAWAL_DATE>1994-07</WITHDRAWAL_DATE>
		<REMARK/>
	</ISO_CURRENCY_HISTORIC>
	<ISO_CURRENCY_HISTORIC>
		<ENTITY>VENEZUELA</ENTITY>
		<CURRENCY>Bolivar</CURRENCY>
		<ALPHABETIC_CODE>VEB</ALPHABETIC_CODE>
		<NUMERIC_CODE>862</NUMERIC_CODE>
		<WITHDRAWAL_DATE>2008-01</WITHDRAWAL_DATE>
		<REMARK/>
	</ISO_CURRENCY_HISTORIC>
	<ISO_CURRENCY_HISTORIC>
		<ENTITY>VIETNAM</ENTITY>
		<CURRENCY>Old Dong</CURRENCY>
		<ALPHABETIC_CODE>VNC</ALPHABETIC_CODE>
		<NUMERIC_CODE>—</NUMERIC_CODE>
		<WITHDRAWAL_DATE>1989-1990</WITHDRAWAL_DATE>
		<REMARK>non ISO code</REMARK>
	</ISO_CURRENCY_HISTORIC>
	<ISO_CURRENCY_HISTORIC>
		<ENTITY>YEMEN, DEMOCRATIC</ENTITY>
		<CURRENCY>Yemeni Dinar</CURRENCY>
		<ALPHABETIC_CODE>YDD</ALPHABETIC_CODE>
		<NUMERIC_CODE>720</NUMERIC_CODE>
		<WITHDRAWAL_DATE>1991-09</WITHDRAWAL_DATE>
		<REMARK/>
	</ISO_CURRENCY_HISTORIC>
	<ISO_CURRENCY_HISTORIC>
		<ENTITY>YUGOSLAVIA</ENTITY>
		<CURRENCY>New Yugoslavian Dinar</CURRENCY>
		<ALPHABETIC_CODE>YUD</ALPHABETIC_CODE>
		<NUMERIC_CODE>—</NUMERIC_CODE>
		<WITHDRAWAL_DATE>1990-01</WITHDRAWAL_DATE>
		<REMARK/>
	</ISO_CURRENCY_HISTORIC>
	<ISO_CURRENCY_HISTORIC>
		<ENTITY>YUGOSLAVIA</ENTITY>
		<CURRENCY>New Dinar</CURRENCY>
		<ALPHABETIC_CODE>YUM</ALPHABETIC_CODE>
		<NUMERIC_CODE>891</NUMERIC_CODE>
		<WITHDRAWAL_DATE>2003-07</WITHDRAWAL_DATE>
		<REMARK/>
	</ISO_CURRENCY_HISTORIC>
	<ISO_CURRENCY_HISTORIC>
		<ENTITY>YUGOSLAVIA</ENTITY>
		<CURRENCY>Yugoslavian Dinar</CURRENCY>
		<ALPHABETIC_CODE>YUN</ALPHABETIC_CODE>
		<NUMERIC_CODE>890</NUMERIC_CODE>
		<WITHDRAWAL_DATE>1995-11</WITHDRAWAL_DATE>
		<REMARK/>
	</ISO_CURRENCY_HISTORIC>
	<ISO_CURRENCY_HISTORIC>
		<ENTITY>ZAIRE</ENTITY>
		<CURRENCY>New Zaire</CURRENCY>
		<ALPHABETIC_CODE>ZRN</ALPHABETIC_CODE>
		<NUMERIC_CODE>180</NUMERIC_CODE>
		<WITHDRAWAL_DATE>1999-06</WITHDRAWAL_DATE>
		<REMARK/>
	</ISO_CURRENCY_HISTORIC>
	<ISO_CURRENCY_HISTORIC>
		<ENTITY>ZAIRE</ENTITY>
		<CURRENCY>Zaire</CURRENCY>
		<ALPHABETIC_CODE>ZRZ</ALPHABETIC_CODE>
		<NUMERIC_CODE>180</NUMERIC_CODE>
		<WITHDRAWAL_DATE>1994-02</WITHDRAWAL_DATE>
		<REMARK/>
	</ISO_CURRENCY_HISTORIC>
	<ISO_CURRENCY_HISTORIC>
		<ENTITY>ZIMBABWE</ENTITY>
		<CURRENCY>Rhodesian Dollar</CURRENCY>
		<ALPHABETIC_CODE>ZWC</ALPHABETIC_CODE>
		<NUMERIC_CODE>—</NUMERIC_CODE>
		<WITHDRAWAL_DATE>1989-12</WITHDRAWAL_DATE>
		<REMARK>non ISO code</REMARK>
	</ISO_CURRENCY_HISTORIC>
	<ISO_CURRENCY_HISTORIC>
		<ENTITY>ZIMBABWE</ENTITY>
		<CURRENCY>Zimbabwe Dollar (old)</CURRENCY>
		<ALPHABETIC_CODE>ZWD</ALPHABETIC_CODE>
		<NUMERIC_CODE>716</NUMERIC_CODE>
		<WITHDRAWAL_DATE>2006-08</WITHDRAWAL_DATE>
		<REMARK/>
	</ISO_CURRENCY_HISTORIC>
	<ISO_CURRENCY_HISTORIC>
		<ENTITY>ZIMBABWE</ENTITY>
		<CURRENCY>Zimbabwe Dollar</CURRENCY>
		<ALPHABETIC_CODE>ZWD</ALPHABETIC_CODE>
		<NUMERIC_CODE>716</NUMERIC_CODE>
		<WITHDRAWAL_DATE>2008-08</WITHDRAWAL_DATE>
		<REMARK/>
	</ISO_CURRENCY_HISTORIC>
	<ISO_CURRENCY_HISTORIC>
		<ENTITY>ZIMBABWE</ENTITY>
		<CURRENCY>Zimbabwe Dollar (new)</CURRENCY>
		<ALPHABETIC_CODE>ZWN</ALPHABETIC_CODE>
		<NUMERIC_CODE>942</NUMERIC_CODE>
		<WITHDRAWAL_DATE>2006-09</WITHDRAWAL_DATE>
		<REMARK/>
	</ISO_CURRENCY_HISTORIC>
	<ISO_CURRENCY_HISTORIC>
		<ENTITY>ZIMBABWE</ENTITY>
		<CURRENCY>Zimbabwe Dollar</CURRENCY>
		<ALPHABETIC_CODE>ZWR</ALPHABETIC_CODE>
		<NUMERIC_CODE>935</NUMERIC_CODE>
		<WITHDRAWAL_DATE>2009-06</WITHDRAWAL_DATE>
		<REMARK/>
	</ISO_CURRENCY_HISTORIC>
	<ISO_CURRENCY_HISTORIC>
		<ENTITY>ZZ01_Gold-Franc</ENTITY>
		<CURRENCY>Gold-Franc</CURRENCY>
		<ALPHABETIC_CODE>XFO</ALPHABETIC_CODE>
		<NUMERIC_CODE>—</NUMERIC_CODE>
		<WITHDRAWAL_DATE>2006-10</WITHDRAWAL_DATE>
		<REMARK/>
	</ISO_CURRENCY_HISTORIC>
	<ISO_CURRENCY_HISTORIC>
		<ENTITY>ZZ02_RINET Funds Code</ENTITY>
		<CURRENCY>RINET Funds Code</CURRENCY>
		<ALPHABETIC_CODE>XRE</ALPHABETIC_CODE>
		<NUMERIC_CODE>N.A.</NUMERIC_CODE>
		<WITHDRAWAL_DATE>1999-11</WITHDRAWAL_DATE>
		<REMARK/>
	</ISO_CURRENCY_HISTORIC>
</ISO_CCY_CODES_HISTORIC>